[
{"model":"tms.Project", "pk":1, "fields":{"project_id":1, "name":"Ford" } },
{"model":"tms.Project", "pk":2, "fields":{"project_id":2, "name":"VW" } },
{"model":"tms.Project", "pk":3, "fields":{"project_id":3, "name":"Audi" } },
{"model":"tms.Product", "pk":1, "fields":{"project":1, "name":"Focus" } },
{"model":"tms.Product", "pk":2, "fields":{"project":2, "name":"Polo" } },
{"model":"tms.Product", "pk":3, "fields":{"project":3, "name":"A6" } },
{"model":"tms.Release", "pk":1, "fields":{"product":1, "rel_type":"nightly", "fw_version":"Focus_1.5" } },
{"model":"tms.Release", "pk":2, "fields":{"product":1, "rel_type":"nightly", "fw_version":"Focus_2.1" } },
{"model":"tms.Release", "pk":3, "fields":{"product":1, "rel_type":"nightly", "fw_version":"Focus_3.0" } },
{"model":"tms.Release", "pk":4, "fields":{"product":2, "rel_type":"nightly", "fw_version":"Polo_1.5" } },
{"model":"tms.Release", "pk":5, "fields":{"product":2, "rel_type":"nightly", "fw_version":"Polo_2.1" } },
{"model":"tms.Release", "pk":6, "fields":{"product":2, "rel_type":"nightly", "fw_version":"Polo_3.0" } },
{"model":"tms.Release", "pk":7, "fields":{"product":3, "rel_type":"nightly", "fw_version":"A6_1.5" } },
{"model":"tms.Release", "pk":8, "fields":{"product":3, "rel_type":"nightly", "fw_version":"A6_2.1" } },
{"model":"tms.Release", "pk":9, "fields":{"product":3, "rel_type":"nightly", "fw_version":"A6_3.0" } },
{"model":"tms.Testcase", "pk":1, "fields":{"tc_id":"TES-101", "title":"dummy_testcase_1" } },
{"model":"tms.Testcase", "pk":2, "fields":{"tc_id":"TES-102", "title":"dummy_testcase_2" } },
{"model":"tms.Testcase", "pk":3, "fields":{"tc_id":"TES-103", "title":"dummy_testcase_3" } },
{"model":"tms.Testcase", "pk":4, "fields":{"tc_id":"TES-104", "title":"dummy_testcase_4" } },
{"model":"tms.Testcase", "pk":5, "fields":{"tc_id":"TES-105", "title":"dummy_testcase_5" } },
{"model":"tms.Testcase", "pk":6, "fields":{"tc_id":"TES-106", "title":"dummy_testcase_6" } },
{"model":"tms.Testcase", "pk":7, "fields":{"tc_id":"TES-107", "title":"dummy_testcase_7" } },
{"model":"tms.Testcase", "pk":8, "fields":{"tc_id":"TES-108", "title":"dummy_testcase_8" } },
{"model":"tms.Testcase", "pk":9, "fields":{"tc_id":"TES-109", "title":"dummy_testcase_9" } },
{"model":"tms.Testcase", "pk":10, "fields":{"tc_id":"TES-110", "title":"dummy_testcase_10" } },
{"model":"tms.Testcase", "pk":11, "fields":{"tc_id":"TES-111", "title":"dummy_testcase_11" } },
{"model":"tms.Testcase", "pk":12, "fields":{"tc_id":"TES-112", "title":"dummy_testcase_12" } },
{"model":"tms.Testcase", "pk":13, "fields":{"tc_id":"TES-113", "title":"dummy_testcase_13" } },
{"model":"tms.Testcase", "pk":14, "fields":{"tc_id":"TES-114", "title":"dummy_testcase_14" } },
{"model":"tms.Testcase", "pk":15, "fields":{"tc_id":"TES-115", "title":"dummy_testcase_15" } },
{"model":"tms.Testcase", "pk":16, "fields":{"tc_id":"TES-116", "title":"dummy_testcase_16" } },
{"model":"tms.Testcase", "pk":17, "fields":{"tc_id":"TES-117", "title":"dummy_testcase_17" } },
{"model":"tms.Testcase", "pk":18, "fields":{"tc_id":"TES-118", "title":"dummy_testcase_18" } },
{"model":"tms.Testcase", "pk":19, "fields":{"tc_id":"TES-119", "title":"dummy_testcase_19" } },
{"model":"tms.Testcase", "pk":20, "fields":{"tc_id":"TES-120", "title":"dummy_testcase_20" } },
{"model":"tms.Testcase", "pk":21, "fields":{"tc_id":"TES-121", "title":"dummy_testcase_21" } },
{"model":"tms.Testcase", "pk":22, "fields":{"tc_id":"TES-122", "title":"dummy_testcase_22" } },
{"model":"tms.Testcase", "pk":23, "fields":{"tc_id":"TES-123", "title":"dummy_testcase_23" } },
{"model":"tms.Testcase", "pk":24, "fields":{"tc_id":"TES-124", "title":"dummy_testcase_24" } },
{"model":"tms.Testcase", "pk":25, "fields":{"tc_id":"TES-125", "title":"dummy_testcase_25" } },
{"model":"tms.Testcase", "pk":26, "fields":{"tc_id":"TES-126", "title":"dummy_testcase_26" } },
{"model":"tms.Testcase", "pk":27, "fields":{"tc_id":"TES-127", "title":"dummy_testcase_27" } },
{"model":"tms.Testcase", "pk":28, "fields":{"tc_id":"TES-128", "title":"dummy_testcase_28" } },
{"model":"tms.Testcase", "pk":29, "fields":{"tc_id":"TES-129", "title":"dummy_testcase_29" } },
{"model":"tms.Testcase", "pk":30, "fields":{"tc_id":"TES-130", "title":"dummy_testcase_30" } },
{"model":"tms.Testcase", "pk":31, "fields":{"tc_id":"TES-131", "title":"dummy_testcase_31" } },
{"model":"tms.Testcase", "pk":32, "fields":{"tc_id":"TES-132", "title":"dummy_testcase_32" } },
{"model":"tms.Testcase", "pk":33, "fields":{"tc_id":"TES-133", "title":"dummy_testcase_33" } },
{"model":"tms.Testcase", "pk":34, "fields":{"tc_id":"TES-134", "title":"dummy_testcase_34" } },
{"model":"tms.Testcase", "pk":35, "fields":{"tc_id":"TES-135", "title":"dummy_testcase_35" } },
{"model":"tms.Testcase", "pk":36, "fields":{"tc_id":"TES-136", "title":"dummy_testcase_36" } },
{"model":"tms.Testcase", "pk":37, "fields":{"tc_id":"TES-137", "title":"dummy_testcase_37" } },
{"model":"tms.Testcase", "pk":38, "fields":{"tc_id":"TES-138", "title":"dummy_testcase_38" } },
{"model":"tms.Testcase", "pk":39, "fields":{"tc_id":"TES-139", "title":"dummy_testcase_39" } },
{"model":"tms.Testcase", "pk":40, "fields":{"tc_id":"TES-140", "title":"dummy_testcase_40" } },
{"model":"tms.Testcase", "pk":41, "fields":{"tc_id":"TES-141", "title":"dummy_testcase_41" } },
{"model":"tms.Testcase", "pk":42, "fields":{"tc_id":"TES-142", "title":"dummy_testcase_42" } },
{"model":"tms.Testcase", "pk":43, "fields":{"tc_id":"TES-143", "title":"dummy_testcase_43" } },
{"model":"tms.Testcase", "pk":44, "fields":{"tc_id":"TES-144", "title":"dummy_testcase_44" } },
{"model":"tms.Testcase", "pk":45, "fields":{"tc_id":"TES-145", "title":"dummy_testcase_45" } },
{"model":"tms.Testcase", "pk":46, "fields":{"tc_id":"TES-146", "title":"dummy_testcase_46" } },
{"model":"tms.Testcase", "pk":47, "fields":{"tc_id":"TES-147", "title":"dummy_testcase_47" } },
{"model":"tms.Testcase", "pk":48, "fields":{"tc_id":"TES-148", "title":"dummy_testcase_48" } },
{"model":"tms.Testcase", "pk":49, "fields":{"tc_id":"TES-149", "title":"dummy_testcase_49" } },
{"model":"tms.Testcase", "pk":50, "fields":{"tc_id":"TES-150", "title":"dummy_testcase_50" } },
{"model":"tms.Testcase", "pk":51, "fields":{"tc_id":"TES-151", "title":"dummy_testcase_51" } },
{"model":"tms.Testcase", "pk":52, "fields":{"tc_id":"TES-152", "title":"dummy_testcase_52" } },
{"model":"tms.Testcase", "pk":53, "fields":{"tc_id":"TES-153", "title":"dummy_testcase_53" } },
{"model":"tms.Testcase", "pk":54, "fields":{"tc_id":"TES-154", "title":"dummy_testcase_54" } },
{"model":"tms.Testcase", "pk":55, "fields":{"tc_id":"TES-155", "title":"dummy_testcase_55" } },
{"model":"tms.Testcase", "pk":56, "fields":{"tc_id":"TES-156", "title":"dummy_testcase_56" } },
{"model":"tms.Testcase", "pk":57, "fields":{"tc_id":"TES-157", "title":"dummy_testcase_57" } },
{"model":"tms.Testcase", "pk":58, "fields":{"tc_id":"TES-158", "title":"dummy_testcase_58" } },
{"model":"tms.Testcase", "pk":59, "fields":{"tc_id":"TES-159", "title":"dummy_testcase_59" } },
{"model":"tms.Testcase", "pk":60, "fields":{"tc_id":"TES-160", "title":"dummy_testcase_60" } },
{"model":"tms.Testcase", "pk":61, "fields":{"tc_id":"TES-161", "title":"dummy_testcase_61" } },
{"model":"tms.Testcase", "pk":62, "fields":{"tc_id":"TES-162", "title":"dummy_testcase_62" } },
{"model":"tms.Testcase", "pk":63, "fields":{"tc_id":"TES-163", "title":"dummy_testcase_63" } },
{"model":"tms.Testcase", "pk":64, "fields":{"tc_id":"TES-164", "title":"dummy_testcase_64" } },
{"model":"tms.Testcase", "pk":65, "fields":{"tc_id":"TES-165", "title":"dummy_testcase_65" } },
{"model":"tms.Testcase", "pk":66, "fields":{"tc_id":"TES-166", "title":"dummy_testcase_66" } },
{"model":"tms.Testcase", "pk":67, "fields":{"tc_id":"TES-167", "title":"dummy_testcase_67" } },
{"model":"tms.Testcase", "pk":68, "fields":{"tc_id":"TES-168", "title":"dummy_testcase_68" } },
{"model":"tms.Testcase", "pk":69, "fields":{"tc_id":"TES-169", "title":"dummy_testcase_69" } },
{"model":"tms.Testcase", "pk":70, "fields":{"tc_id":"TES-170", "title":"dummy_testcase_70" } },
{"model":"tms.Testcase", "pk":71, "fields":{"tc_id":"TES-171", "title":"dummy_testcase_71" } },
{"model":"tms.Testcase", "pk":72, "fields":{"tc_id":"TES-172", "title":"dummy_testcase_72" } },
{"model":"tms.Testcase", "pk":73, "fields":{"tc_id":"TES-173", "title":"dummy_testcase_73" } },
{"model":"tms.Testcase", "pk":74, "fields":{"tc_id":"TES-174", "title":"dummy_testcase_74" } },
{"model":"tms.Testcase", "pk":75, "fields":{"tc_id":"TES-175", "title":"dummy_testcase_75" } },
{"model":"tms.Testcase", "pk":76, "fields":{"tc_id":"TES-176", "title":"dummy_testcase_76" } },
{"model":"tms.Testcase", "pk":77, "fields":{"tc_id":"TES-177", "title":"dummy_testcase_77" } },
{"model":"tms.Testcase", "pk":78, "fields":{"tc_id":"TES-178", "title":"dummy_testcase_78" } },
{"model":"tms.Testcase", "pk":79, "fields":{"tc_id":"TES-179", "title":"dummy_testcase_79" } },
{"model":"tms.Testcase", "pk":80, "fields":{"tc_id":"TES-180", "title":"dummy_testcase_80" } },
{"model":"tms.Testcase", "pk":81, "fields":{"tc_id":"TES-181", "title":"dummy_testcase_81" } },
{"model":"tms.Testcase", "pk":82, "fields":{"tc_id":"TES-182", "title":"dummy_testcase_82" } },
{"model":"tms.Testcase", "pk":83, "fields":{"tc_id":"TES-183", "title":"dummy_testcase_83" } },
{"model":"tms.Testcase", "pk":84, "fields":{"tc_id":"TES-184", "title":"dummy_testcase_84" } },
{"model":"tms.Testcase", "pk":85, "fields":{"tc_id":"TES-185", "title":"dummy_testcase_85" } },
{"model":"tms.Testcase", "pk":86, "fields":{"tc_id":"TES-186", "title":"dummy_testcase_86" } },
{"model":"tms.Testcase", "pk":87, "fields":{"tc_id":"TES-187", "title":"dummy_testcase_87" } },
{"model":"tms.Testcase", "pk":88, "fields":{"tc_id":"TES-188", "title":"dummy_testcase_88" } },
{"model":"tms.Testcase", "pk":89, "fields":{"tc_id":"TES-189", "title":"dummy_testcase_89" } },
{"model":"tms.Testcase", "pk":90, "fields":{"tc_id":"TES-190", "title":"dummy_testcase_90" } },
{"model":"tms.Testcase", "pk":91, "fields":{"tc_id":"TES-191", "title":"dummy_testcase_91" } },
{"model":"tms.Testcase", "pk":92, "fields":{"tc_id":"TES-192", "title":"dummy_testcase_92" } },
{"model":"tms.Testcase", "pk":93, "fields":{"tc_id":"TES-193", "title":"dummy_testcase_93" } },
{"model":"tms.Testcase", "pk":94, "fields":{"tc_id":"TES-194", "title":"dummy_testcase_94" } },
{"model":"tms.Testcase", "pk":95, "fields":{"tc_id":"TES-195", "title":"dummy_testcase_95" } },
{"model":"tms.Testcase", "pk":96, "fields":{"tc_id":"TES-196", "title":"dummy_testcase_96" } },
{"model":"tms.Testcase", "pk":97, "fields":{"tc_id":"TES-197", "title":"dummy_testcase_97" } },
{"model":"tms.Testcase", "pk":98, "fields":{"tc_id":"TES-198", "title":"dummy_testcase_98" } },
{"model":"tms.Testcase", "pk":99, "fields":{"tc_id":"TES-199", "title":"dummy_testcase_99" } },
{"model":"tms.Testcase", "pk":100, "fields":{"tc_id":"TES-200", "title":"dummy_testcase_100" } },
{"model":"tms.testexec", "pk":1, "fields":{"title": "nightly test execution 1", "dut":1, "dut_fw":1, "testsys_ver":"1.0.0", "td1": "td_2.6.17", "td2":"btd800_2.6.17" } },
{"model":"tms.testexec", "pk":2, "fields":{"title": "nightly test execution 2", "dut":1, "dut_fw":2, "testsys_ver":"1.0.0", "td1": "td_2.6.17", "td2":"btd800_2.6.17" } },
{"model":"tms.testexec", "pk":3, "fields":{"title": "nightly test execution 3", "dut":1, "dut_fw":3, "testsys_ver":"1.0.0", "td1": "td_2.6.17", "td2":"btd800_2.6.17" } },
{"model":"tms.testexec", "pk":4, "fields":{"title": "nightly test execution 4", "dut":2, "dut_fw":4, "testsys_ver":"1.0.0", "td1": "td_2.6.17", "td2":"btd800_2.6.17" } },
{"model":"tms.testexec", "pk":5, "fields":{"title": "nightly test execution 5", "dut":2, "dut_fw":5, "testsys_ver":"1.0.0", "td1": "td_2.6.17", "td2":"btd800_2.6.17" } },
{"model":"tms.testexec", "pk":6, "fields":{"title": "nightly test execution 6", "dut":2, "dut_fw":6, "testsys_ver":"1.0.0", "td1": "td_2.6.17", "td2":"btd800_2.6.17" } },
{"model":"tms.testexec", "pk":7, "fields":{"title": "nightly test execution 7", "dut":3, "dut_fw":7, "testsys_ver":"1.0.0", "td1": "td_2.6.17", "td2":"btd800_2.6.17" } },
{"model":"tms.testexec", "pk":8, "fields":{"title": "nightly test execution 8", "dut":3, "dut_fw":8, "testsys_ver":"1.0.0", "td1": "td_2.6.17", "td2":"btd800_2.6.17" } },
{"model":"tms.testexec", "pk":9, "fields":{"title": "nightly test execution 9", "dut":3, "dut_fw":9, "testsys_ver":"1.0.0", "td1": "td_2.6.17", "td2":"btd800_2.6.17" } },
{"model":"tms.testresult", "pk":1, "fields":{"testexec":1, "testcase":1, "testnode":"TEST-1", "result":"fail"}},
{"model":"tms.testresult", "pk":2, "fields":{"testexec":1, "testcase":2, "testnode":"TEST-1", "result":"fail"}},
{"model":"tms.testresult", "pk":3, "fields":{"testexec":1, "testcase":3, "testnode":"TEST-1", "result":"pass"}},
{"model":"tms.testresult", "pk":4, "fields":{"testexec":1, "testcase":4, "testnode":"TEST-1", "result":"pass"}},
{"model":"tms.testresult", "pk":5, "fields":{"testexec":1, "testcase":5, "testnode":"TEST-1", "result":" "}},
{"model":"tms.testresult", "pk":6, "fields":{"testexec":1, "testcase":6, "testnode":"TEST-1", "result":"fail"}},
{"model":"tms.testresult", "pk":7, "fields":{"testexec":1, "testcase":7, "testnode":"TEST-1", "result":"fail"}},
{"model":"tms.testresult", "pk":8, "fields":{"testexec":1, "testcase":8, "testnode":"TEST-1", "result":" "}},
{"model":"tms.testresult", "pk":9, "fields":{"testexec":1, "testcase":9, "testnode":"TEST-1", "result":" "}},
{"model":"tms.testresult", "pk":10, "fields":{"testexec":1, "testcase":10, "testnode":"TEST-1", "result":"fail"}},
{"model":"tms.testresult", "pk":11, "fields":{"testexec":1, "testcase":11, "testnode":"TEST-1", "result":"fail"}},
{"model":"tms.testresult", "pk":12, "fields":{"testexec":1, "testcase":12, "testnode":"TEST-1", "result":"fail"}},
{"model":"tms.testresult", "pk":13, "fields":{"testexec":1, "testcase":13, "testnode":"TEST-1", "result":"pass"}},
{"model":"tms.testresult", "pk":14, "fields":{"testexec":1, "testcase":14, "testnode":"TEST-1", "result":"pass"}},
{"model":"tms.testresult", "pk":15, "fields":{"testexec":1, "testcase":15, "testnode":"TEST-1", "result":" "}},
{"model":"tms.testresult", "pk":16, "fields":{"testexec":1, "testcase":16, "testnode":"TEST-1", "result":"pass"}},
{"model":"tms.testresult", "pk":17, "fields":{"testexec":1, "testcase":17, "testnode":"TEST-1", "result":"pass"}},
{"model":"tms.testresult", "pk":18, "fields":{"testexec":1, "testcase":18, "testnode":"TEST-1", "result":"pass"}},
{"model":"tms.testresult", "pk":19, "fields":{"testexec":1, "testcase":19, "testnode":"TEST-1", "result":"pass"}},
{"model":"tms.testresult", "pk":20, "fields":{"testexec":1, "testcase":20, "testnode":"TEST-1", "result":" "}},
{"model":"tms.testresult", "pk":21, "fields":{"testexec":1, "testcase":21, "testnode":"TEST-1", "result":" "}},
{"model":"tms.testresult", "pk":22, "fields":{"testexec":1, "testcase":22, "testnode":"TEST-1", "result":"fail"}},
{"model":"tms.testresult", "pk":23, "fields":{"testexec":1, "testcase":23, "testnode":"TEST-1", "result":" "}},
{"model":"tms.testresult", "pk":24, "fields":{"testexec":1, "testcase":24, "testnode":"TEST-1", "result":"pass"}},
{"model":"tms.testresult", "pk":25, "fields":{"testexec":1, "testcase":25, "testnode":"TEST-1", "result":"pass"}},
{"model":"tms.testresult", "pk":26, "fields":{"testexec":1, "testcase":26, "testnode":"TEST-1", "result":"fail"}},
{"model":"tms.testresult", "pk":27, "fields":{"testexec":1, "testcase":27, "testnode":"TEST-1", "result":" "}},
{"model":"tms.testresult", "pk":28, "fields":{"testexec":1, "testcase":28, "testnode":"TEST-1", "result":" "}},
{"model":"tms.testresult", "pk":29, "fields":{"testexec":1, "testcase":29, "testnode":"TEST-1", "result":"fail"}},
{"model":"tms.testresult", "pk":30, "fields":{"testexec":1, "testcase":30, "testnode":"TEST-1", "result":"fail"}},
{"model":"tms.testresult", "pk":31, "fields":{"testexec":1, "testcase":31, "testnode":"TEST-1", "result":"fail"}},
{"model":"tms.testresult", "pk":32, "fields":{"testexec":1, "testcase":32, "testnode":"TEST-1", "result":" "}},
{"model":"tms.testresult", "pk":33, "fields":{"testexec":1, "testcase":33, "testnode":"TEST-1", "result":"fail"}},
{"model":"tms.testresult", "pk":34, "fields":{"testexec":1, "testcase":34, "testnode":"TEST-1", "result":"fail"}},
{"model":"tms.testresult", "pk":35, "fields":{"testexec":1, "testcase":35, "testnode":"TEST-1", "result":"fail"}},
{"model":"tms.testresult", "pk":36, "fields":{"testexec":1, "testcase":36, "testnode":"TEST-1", "result":"pass"}},
{"model":"tms.testresult", "pk":37, "fields":{"testexec":1, "testcase":37, "testnode":"TEST-1", "result":"pass"}},
{"model":"tms.testresult", "pk":38, "fields":{"testexec":1, "testcase":38, "testnode":"TEST-1", "result":"fail"}},
{"model":"tms.testresult", "pk":39, "fields":{"testexec":1, "testcase":39, "testnode":"TEST-1", "result":" "}},
{"model":"tms.testresult", "pk":40, "fields":{"testexec":1, "testcase":40, "testnode":"TEST-1", "result":"fail"}},
{"model":"tms.testresult", "pk":41, "fields":{"testexec":1, "testcase":41, "testnode":"TEST-1", "result":"fail"}},
{"model":"tms.testresult", "pk":42, "fields":{"testexec":1, "testcase":42, "testnode":"TEST-1", "result":"pass"}},
{"model":"tms.testresult", "pk":43, "fields":{"testexec":1, "testcase":43, "testnode":"TEST-1", "result":"pass"}},
{"model":"tms.testresult", "pk":44, "fields":{"testexec":1, "testcase":44, "testnode":"TEST-1", "result":"fail"}},
{"model":"tms.testresult", "pk":45, "fields":{"testexec":1, "testcase":45, "testnode":"TEST-1", "result":" "}},
{"model":"tms.testresult", "pk":46, "fields":{"testexec":1, "testcase":46, "testnode":"TEST-1", "result":"pass"}},
{"model":"tms.testresult", "pk":47, "fields":{"testexec":1, "testcase":47, "testnode":"TEST-1", "result":" "}},
{"model":"tms.testresult", "pk":48, "fields":{"testexec":1, "testcase":48, "testnode":"TEST-1", "result":"fail"}},
{"model":"tms.testresult", "pk":49, "fields":{"testexec":1, "testcase":49, "testnode":"TEST-1", "result":" "}},
{"model":"tms.testresult", "pk":50, "fields":{"testexec":1, "testcase":50, "testnode":"TEST-1", "result":"pass"}},
{"model":"tms.testresult", "pk":51, "fields":{"testexec":1, "testcase":51, "testnode":"TEST-1", "result":"pass"}},
{"model":"tms.testresult", "pk":52, "fields":{"testexec":1, "testcase":52, "testnode":"TEST-1", "result":"fail"}},
{"model":"tms.testresult", "pk":53, "fields":{"testexec":1, "testcase":53, "testnode":"TEST-1", "result":"pass"}},
{"model":"tms.testresult", "pk":54, "fields":{"testexec":1, "testcase":54, "testnode":"TEST-1", "result":"fail"}},
{"model":"tms.testresult", "pk":55, "fields":{"testexec":1, "testcase":55, "testnode":"TEST-1", "result":"pass"}},
{"model":"tms.testresult", "pk":56, "fields":{"testexec":1, "testcase":56, "testnode":"TEST-1", "result":"pass"}},
{"model":"tms.testresult", "pk":57, "fields":{"testexec":1, "testcase":57, "testnode":"TEST-1", "result":"pass"}},
{"model":"tms.testresult", "pk":58, "fields":{"testexec":1, "testcase":58, "testnode":"TEST-1", "result":"fail"}},
{"model":"tms.testresult", "pk":59, "fields":{"testexec":1, "testcase":59, "testnode":"TEST-1", "result":" "}},
{"model":"tms.testresult", "pk":60, "fields":{"testexec":1, "testcase":60, "testnode":"TEST-1", "result":" "}},
{"model":"tms.testresult", "pk":61, "fields":{"testexec":1, "testcase":61, "testnode":"TEST-1", "result":"fail"}},
{"model":"tms.testresult", "pk":62, "fields":{"testexec":1, "testcase":62, "testnode":"TEST-1", "result":"fail"}},
{"model":"tms.testresult", "pk":63, "fields":{"testexec":1, "testcase":63, "testnode":"TEST-1", "result":"pass"}},
{"model":"tms.testresult", "pk":64, "fields":{"testexec":1, "testcase":64, "testnode":"TEST-1", "result":"pass"}},
{"model":"tms.testresult", "pk":65, "fields":{"testexec":1, "testcase":65, "testnode":"TEST-1", "result":"fail"}},
{"model":"tms.testresult", "pk":66, "fields":{"testexec":1, "testcase":66, "testnode":"TEST-1", "result":"fail"}},
{"model":"tms.testresult", "pk":67, "fields":{"testexec":1, "testcase":67, "testnode":"TEST-1", "result":"pass"}},
{"model":"tms.testresult", "pk":68, "fields":{"testexec":1, "testcase":68, "testnode":"TEST-1", "result":"fail"}},
{"model":"tms.testresult", "pk":69, "fields":{"testexec":1, "testcase":69, "testnode":"TEST-1", "result":"pass"}},
{"model":"tms.testresult", "pk":70, "fields":{"testexec":1, "testcase":70, "testnode":"TEST-1", "result":"fail"}},
{"model":"tms.testresult", "pk":71, "fields":{"testexec":1, "testcase":71, "testnode":"TEST-1", "result":"fail"}},
{"model":"tms.testresult", "pk":72, "fields":{"testexec":1, "testcase":72, "testnode":"TEST-1", "result":"pass"}},
{"model":"tms.testresult", "pk":73, "fields":{"testexec":1, "testcase":73, "testnode":"TEST-1", "result":"pass"}},
{"model":"tms.testresult", "pk":74, "fields":{"testexec":1, "testcase":74, "testnode":"TEST-1", "result":"pass"}},
{"model":"tms.testresult", "pk":75, "fields":{"testexec":1, "testcase":75, "testnode":"TEST-1", "result":" "}},
{"model":"tms.testresult", "pk":76, "fields":{"testexec":1, "testcase":76, "testnode":"TEST-1", "result":" "}},
{"model":"tms.testresult", "pk":77, "fields":{"testexec":1, "testcase":77, "testnode":"TEST-1", "result":"pass"}},
{"model":"tms.testresult", "pk":78, "fields":{"testexec":1, "testcase":78, "testnode":"TEST-1", "result":"fail"}},
{"model":"tms.testresult", "pk":79, "fields":{"testexec":1, "testcase":79, "testnode":"TEST-1", "result":" "}},
{"model":"tms.testresult", "pk":80, "fields":{"testexec":1, "testcase":80, "testnode":"TEST-1", "result":" "}},
{"model":"tms.testresult", "pk":81, "fields":{"testexec":1, "testcase":81, "testnode":"TEST-1", "result":"pass"}},
{"model":"tms.testresult", "pk":82, "fields":{"testexec":1, "testcase":82, "testnode":"TEST-1", "result":"fail"}},
{"model":"tms.testresult", "pk":83, "fields":{"testexec":1, "testcase":83, "testnode":"TEST-1", "result":"pass"}},
{"model":"tms.testresult", "pk":84, "fields":{"testexec":1, "testcase":84, "testnode":"TEST-1", "result":"fail"}},
{"model":"tms.testresult", "pk":85, "fields":{"testexec":1, "testcase":85, "testnode":"TEST-1", "result":"fail"}},
{"model":"tms.testresult", "pk":86, "fields":{"testexec":1, "testcase":86, "testnode":"TEST-1", "result":" "}},
{"model":"tms.testresult", "pk":87, "fields":{"testexec":1, "testcase":87, "testnode":"TEST-1", "result":"pass"}},
{"model":"tms.testresult", "pk":88, "fields":{"testexec":1, "testcase":88, "testnode":"TEST-1", "result":"fail"}},
{"model":"tms.testresult", "pk":89, "fields":{"testexec":1, "testcase":89, "testnode":"TEST-1", "result":"pass"}},
{"model":"tms.testresult", "pk":90, "fields":{"testexec":1, "testcase":90, "testnode":"TEST-1", "result":" "}},
{"model":"tms.testresult", "pk":91, "fields":{"testexec":1, "testcase":91, "testnode":"TEST-1", "result":"pass"}},
{"model":"tms.testresult", "pk":92, "fields":{"testexec":1, "testcase":92, "testnode":"TEST-1", "result":" "}},
{"model":"tms.testresult", "pk":93, "fields":{"testexec":1, "testcase":93, "testnode":"TEST-1", "result":"pass"}},
{"model":"tms.testresult", "pk":94, "fields":{"testexec":1, "testcase":94, "testnode":"TEST-1", "result":"fail"}},
{"model":"tms.testresult", "pk":95, "fields":{"testexec":1, "testcase":95, "testnode":"TEST-1", "result":" "}},
{"model":"tms.testresult", "pk":96, "fields":{"testexec":1, "testcase":96, "testnode":"TEST-1", "result":"fail"}},
{"model":"tms.testresult", "pk":97, "fields":{"testexec":1, "testcase":97, "testnode":"TEST-1", "result":" "}},
{"model":"tms.testresult", "pk":98, "fields":{"testexec":1, "testcase":98, "testnode":"TEST-1", "result":"fail"}},
{"model":"tms.testresult", "pk":99, "fields":{"testexec":1, "testcase":99, "testnode":"TEST-1", "result":"pass"}},
{"model":"tms.testresult", "pk":100, "fields":{"testexec":1, "testcase":100, "testnode":"TEST-1", "result":"fail"}},
{"model":"tms.testresult", "pk":101, "fields":{"testexec":2, "testcase":1, "testnode":"TEST-1", "result":"fail"}},
{"model":"tms.testresult", "pk":102, "fields":{"testexec":2, "testcase":2, "testnode":"TEST-1", "result":"fail"}},
{"model":"tms.testresult", "pk":103, "fields":{"testexec":2, "testcase":3, "testnode":"TEST-1", "result":"pass"}},
{"model":"tms.testresult", "pk":104, "fields":{"testexec":2, "testcase":4, "testnode":"TEST-1", "result":"fail"}},
{"model":"tms.testresult", "pk":105, "fields":{"testexec":2, "testcase":5, "testnode":"TEST-1", "result":" "}},
{"model":"tms.testresult", "pk":106, "fields":{"testexec":2, "testcase":6, "testnode":"TEST-1", "result":"fail"}},
{"model":"tms.testresult", "pk":107, "fields":{"testexec":2, "testcase":7, "testnode":"TEST-1", "result":"fail"}},
{"model":"tms.testresult", "pk":108, "fields":{"testexec":2, "testcase":8, "testnode":"TEST-1", "result":"pass"}},
{"model":"tms.testresult", "pk":109, "fields":{"testexec":2, "testcase":9, "testnode":"TEST-1", "result":" "}},
{"model":"tms.testresult", "pk":110, "fields":{"testexec":2, "testcase":10, "testnode":"TEST-1", "result":"fail"}},
{"model":"tms.testresult", "pk":111, "fields":{"testexec":2, "testcase":11, "testnode":"TEST-1", "result":" "}},
{"model":"tms.testresult", "pk":112, "fields":{"testexec":2, "testcase":12, "testnode":"TEST-1", "result":"pass"}},
{"model":"tms.testresult", "pk":113, "fields":{"testexec":2, "testcase":13, "testnode":"TEST-1", "result":"pass"}},
{"model":"tms.testresult", "pk":114, "fields":{"testexec":2, "testcase":14, "testnode":"TEST-1", "result":"pass"}},
{"model":"tms.testresult", "pk":115, "fields":{"testexec":2, "testcase":15, "testnode":"TEST-1", "result":" "}},
{"model":"tms.testresult", "pk":116, "fields":{"testexec":2, "testcase":16, "testnode":"TEST-1", "result":"pass"}},
{"model":"tms.testresult", "pk":117, "fields":{"testexec":2, "testcase":17, "testnode":"TEST-1", "result":"fail"}},
{"model":"tms.testresult", "pk":118, "fields":{"testexec":2, "testcase":18, "testnode":"TEST-1", "result":"pass"}},
{"model":"tms.testresult", "pk":119, "fields":{"testexec":2, "testcase":19, "testnode":"TEST-1", "result":" "}},
{"model":"tms.testresult", "pk":120, "fields":{"testexec":2, "testcase":20, "testnode":"TEST-1", "result":" "}},
{"model":"tms.testresult", "pk":121, "fields":{"testexec":2, "testcase":21, "testnode":"TEST-1", "result":"fail"}},
{"model":"tms.testresult", "pk":122, "fields":{"testexec":2, "testcase":22, "testnode":"TEST-1", "result":" "}},
{"model":"tms.testresult", "pk":123, "fields":{"testexec":2, "testcase":23, "testnode":"TEST-1", "result":"pass"}},
{"model":"tms.testresult", "pk":124, "fields":{"testexec":2, "testcase":24, "testnode":"TEST-1", "result":" "}},
{"model":"tms.testresult", "pk":125, "fields":{"testexec":2, "testcase":25, "testnode":"TEST-1", "result":" "}},
{"model":"tms.testresult", "pk":126, "fields":{"testexec":2, "testcase":26, "testnode":"TEST-1", "result":"fail"}},
{"model":"tms.testresult", "pk":127, "fields":{"testexec":2, "testcase":27, "testnode":"TEST-1", "result":"pass"}},
{"model":"tms.testresult", "pk":128, "fields":{"testexec":2, "testcase":28, "testnode":"TEST-1", "result":" "}},
{"model":"tms.testresult", "pk":129, "fields":{"testexec":2, "testcase":29, "testnode":"TEST-1", "result":"pass"}},
{"model":"tms.testresult", "pk":130, "fields":{"testexec":2, "testcase":30, "testnode":"TEST-1", "result":"pass"}},
{"model":"tms.testresult", "pk":131, "fields":{"testexec":2, "testcase":31, "testnode":"TEST-1", "result":"fail"}},
{"model":"tms.testresult", "pk":132, "fields":{"testexec":2, "testcase":32, "testnode":"TEST-1", "result":"pass"}},
{"model":"tms.testresult", "pk":133, "fields":{"testexec":2, "testcase":33, "testnode":"TEST-1", "result":" "}},
{"model":"tms.testresult", "pk":134, "fields":{"testexec":2, "testcase":34, "testnode":"TEST-1", "result":"fail"}},
{"model":"tms.testresult", "pk":135, "fields":{"testexec":2, "testcase":35, "testnode":"TEST-1", "result":"pass"}},
{"model":"tms.testresult", "pk":136, "fields":{"testexec":2, "testcase":36, "testnode":"TEST-1", "result":"pass"}},
{"model":"tms.testresult", "pk":137, "fields":{"testexec":2, "testcase":37, "testnode":"TEST-1", "result":" "}},
{"model":"tms.testresult", "pk":138, "fields":{"testexec":2, "testcase":38, "testnode":"TEST-1", "result":" "}},
{"model":"tms.testresult", "pk":139, "fields":{"testexec":2, "testcase":39, "testnode":"TEST-1", "result":" "}},
{"model":"tms.testresult", "pk":140, "fields":{"testexec":2, "testcase":40, "testnode":"TEST-1", "result":"fail"}},
{"model":"tms.testresult", "pk":141, "fields":{"testexec":2, "testcase":41, "testnode":"TEST-1", "result":"fail"}},
{"model":"tms.testresult", "pk":142, "fields":{"testexec":2, "testcase":42, "testnode":"TEST-1", "result":" "}},
{"model":"tms.testresult", "pk":143, "fields":{"testexec":2, "testcase":43, "testnode":"TEST-1", "result":" "}},
{"model":"tms.testresult", "pk":144, "fields":{"testexec":2, "testcase":44, "testnode":"TEST-1", "result":"pass"}},
{"model":"tms.testresult", "pk":145, "fields":{"testexec":2, "testcase":45, "testnode":"TEST-1", "result":"pass"}},
{"model":"tms.testresult", "pk":146, "fields":{"testexec":2, "testcase":46, "testnode":"TEST-1", "result":"fail"}},
{"model":"tms.testresult", "pk":147, "fields":{"testexec":2, "testcase":47, "testnode":"TEST-1", "result":"pass"}},
{"model":"tms.testresult", "pk":148, "fields":{"testexec":2, "testcase":48, "testnode":"TEST-1", "result":"pass"}},
{"model":"tms.testresult", "pk":149, "fields":{"testexec":2, "testcase":49, "testnode":"TEST-1", "result":"fail"}},
{"model":"tms.testresult", "pk":150, "fields":{"testexec":2, "testcase":50, "testnode":"TEST-1", "result":"pass"}},
{"model":"tms.testresult", "pk":151, "fields":{"testexec":2, "testcase":51, "testnode":"TEST-1", "result":" "}},
{"model":"tms.testresult", "pk":152, "fields":{"testexec":2, "testcase":52, "testnode":"TEST-1", "result":" "}},
{"model":"tms.testresult", "pk":153, "fields":{"testexec":2, "testcase":53, "testnode":"TEST-1", "result":"pass"}},
{"model":"tms.testresult", "pk":154, "fields":{"testexec":2, "testcase":54, "testnode":"TEST-1", "result":" "}},
{"model":"tms.testresult", "pk":155, "fields":{"testexec":2, "testcase":55, "testnode":"TEST-1", "result":" "}},
{"model":"tms.testresult", "pk":156, "fields":{"testexec":2, "testcase":56, "testnode":"TEST-1", "result":" "}},
{"model":"tms.testresult", "pk":157, "fields":{"testexec":2, "testcase":57, "testnode":"TEST-1", "result":" "}},
{"model":"tms.testresult", "pk":158, "fields":{"testexec":2, "testcase":58, "testnode":"TEST-1", "result":" "}},
{"model":"tms.testresult", "pk":159, "fields":{"testexec":2, "testcase":59, "testnode":"TEST-1", "result":" "}},
{"model":"tms.testresult", "pk":160, "fields":{"testexec":2, "testcase":60, "testnode":"TEST-1", "result":" "}},
{"model":"tms.testresult", "pk":161, "fields":{"testexec":2, "testcase":61, "testnode":"TEST-1", "result":"pass"}},
{"model":"tms.testresult", "pk":162, "fields":{"testexec":2, "testcase":62, "testnode":"TEST-1", "result":"pass"}},
{"model":"tms.testresult", "pk":163, "fields":{"testexec":2, "testcase":63, "testnode":"TEST-1", "result":"fail"}},
{"model":"tms.testresult", "pk":164, "fields":{"testexec":2, "testcase":64, "testnode":"TEST-1", "result":"pass"}},
{"model":"tms.testresult", "pk":165, "fields":{"testexec":2, "testcase":65, "testnode":"TEST-1", "result":"pass"}},
{"model":"tms.testresult", "pk":166, "fields":{"testexec":2, "testcase":66, "testnode":"TEST-1", "result":"fail"}},
{"model":"tms.testresult", "pk":167, "fields":{"testexec":2, "testcase":67, "testnode":"TEST-1", "result":" "}},
{"model":"tms.testresult", "pk":168, "fields":{"testexec":2, "testcase":68, "testnode":"TEST-1", "result":"pass"}},
{"model":"tms.testresult", "pk":169, "fields":{"testexec":2, "testcase":69, "testnode":"TEST-1", "result":"fail"}},
{"model":"tms.testresult", "pk":170, "fields":{"testexec":2, "testcase":70, "testnode":"TEST-1", "result":" "}},
{"model":"tms.testresult", "pk":171, "fields":{"testexec":2, "testcase":71, "testnode":"TEST-1", "result":" "}},
{"model":"tms.testresult", "pk":172, "fields":{"testexec":2, "testcase":72, "testnode":"TEST-1", "result":"fail"}},
{"model":"tms.testresult", "pk":173, "fields":{"testexec":2, "testcase":73, "testnode":"TEST-1", "result":" "}},
{"model":"tms.testresult", "pk":174, "fields":{"testexec":2, "testcase":74, "testnode":"TEST-1", "result":"fail"}},
{"model":"tms.testresult", "pk":175, "fields":{"testexec":2, "testcase":75, "testnode":"TEST-1", "result":" "}},
{"model":"tms.testresult", "pk":176, "fields":{"testexec":2, "testcase":76, "testnode":"TEST-1", "result":"fail"}},
{"model":"tms.testresult", "pk":177, "fields":{"testexec":2, "testcase":77, "testnode":"TEST-1", "result":" "}},
{"model":"tms.testresult", "pk":178, "fields":{"testexec":2, "testcase":78, "testnode":"TEST-1", "result":"pass"}},
{"model":"tms.testresult", "pk":179, "fields":{"testexec":2, "testcase":79, "testnode":"TEST-1", "result":" "}},
{"model":"tms.testresult", "pk":180, "fields":{"testexec":2, "testcase":80, "testnode":"TEST-1", "result":"fail"}},
{"model":"tms.testresult", "pk":181, "fields":{"testexec":2, "testcase":81, "testnode":"TEST-1", "result":" "}},
{"model":"tms.testresult", "pk":182, "fields":{"testexec":2, "testcase":82, "testnode":"TEST-1", "result":" "}},
{"model":"tms.testresult", "pk":183, "fields":{"testexec":2, "testcase":83, "testnode":"TEST-1", "result":"fail"}},
{"model":"tms.testresult", "pk":184, "fields":{"testexec":2, "testcase":84, "testnode":"TEST-1", "result":"pass"}},
{"model":"tms.testresult", "pk":185, "fields":{"testexec":2, "testcase":85, "testnode":"TEST-1", "result":" "}},
{"model":"tms.testresult", "pk":186, "fields":{"testexec":2, "testcase":86, "testnode":"TEST-1", "result":"fail"}},
{"model":"tms.testresult", "pk":187, "fields":{"testexec":2, "testcase":87, "testnode":"TEST-1", "result":"fail"}},
{"model":"tms.testresult", "pk":188, "fields":{"testexec":2, "testcase":88, "testnode":"TEST-1", "result":"fail"}},
{"model":"tms.testresult", "pk":189, "fields":{"testexec":2, "testcase":89, "testnode":"TEST-1", "result":"fail"}},
{"model":"tms.testresult", "pk":190, "fields":{"testexec":2, "testcase":90, "testnode":"TEST-1", "result":" "}},
{"model":"tms.testresult", "pk":191, "fields":{"testexec":2, "testcase":91, "testnode":"TEST-1", "result":"fail"}},
{"model":"tms.testresult", "pk":192, "fields":{"testexec":2, "testcase":92, "testnode":"TEST-1", "result":"pass"}},
{"model":"tms.testresult", "pk":193, "fields":{"testexec":2, "testcase":93, "testnode":"TEST-1", "result":" "}},
{"model":"tms.testresult", "pk":194, "fields":{"testexec":2, "testcase":94, "testnode":"TEST-1", "result":" "}},
{"model":"tms.testresult", "pk":195, "fields":{"testexec":2, "testcase":95, "testnode":"TEST-1", "result":"fail"}},
{"model":"tms.testresult", "pk":196, "fields":{"testexec":2, "testcase":96, "testnode":"TEST-1", "result":" "}},
{"model":"tms.testresult", "pk":197, "fields":{"testexec":2, "testcase":97, "testnode":"TEST-1", "result":"fail"}},
{"model":"tms.testresult", "pk":198, "fields":{"testexec":2, "testcase":98, "testnode":"TEST-1", "result":" "}},
{"model":"tms.testresult", "pk":199, "fields":{"testexec":2, "testcase":99, "testnode":"TEST-1", "result":"pass"}},
{"model":"tms.testresult", "pk":200, "fields":{"testexec":2, "testcase":100, "testnode":"TEST-1", "result":"pass"}},
{"model":"tms.testresult", "pk":201, "fields":{"testexec":3, "testcase":1, "testnode":"TEST-1", "result":" "}},
{"model":"tms.testresult", "pk":202, "fields":{"testexec":3, "testcase":2, "testnode":"TEST-1", "result":"fail"}},
{"model":"tms.testresult", "pk":203, "fields":{"testexec":3, "testcase":3, "testnode":"TEST-1", "result":" "}},
{"model":"tms.testresult", "pk":204, "fields":{"testexec":3, "testcase":4, "testnode":"TEST-1", "result":"fail"}},
{"model":"tms.testresult", "pk":205, "fields":{"testexec":3, "testcase":5, "testnode":"TEST-1", "result":"pass"}},
{"model":"tms.testresult", "pk":206, "fields":{"testexec":3, "testcase":6, "testnode":"TEST-1", "result":"pass"}},
{"model":"tms.testresult", "pk":207, "fields":{"testexec":3, "testcase":7, "testnode":"TEST-1", "result":" "}},
{"model":"tms.testresult", "pk":208, "fields":{"testexec":3, "testcase":8, "testnode":"TEST-1", "result":"pass"}},
{"model":"tms.testresult", "pk":209, "fields":{"testexec":3, "testcase":9, "testnode":"TEST-1", "result":"fail"}},
{"model":"tms.testresult", "pk":210, "fields":{"testexec":3, "testcase":10, "testnode":"TEST-1", "result":"pass"}},
{"model":"tms.testresult", "pk":211, "fields":{"testexec":3, "testcase":11, "testnode":"TEST-1", "result":"pass"}},
{"model":"tms.testresult", "pk":212, "fields":{"testexec":3, "testcase":12, "testnode":"TEST-1", "result":"pass"}},
{"model":"tms.testresult", "pk":213, "fields":{"testexec":3, "testcase":13, "testnode":"TEST-1", "result":"fail"}},
{"model":"tms.testresult", "pk":214, "fields":{"testexec":3, "testcase":14, "testnode":"TEST-1", "result":"fail"}},
{"model":"tms.testresult", "pk":215, "fields":{"testexec":3, "testcase":15, "testnode":"TEST-1", "result":"pass"}},
{"model":"tms.testresult", "pk":216, "fields":{"testexec":3, "testcase":16, "testnode":"TEST-1", "result":"pass"}},
{"model":"tms.testresult", "pk":217, "fields":{"testexec":3, "testcase":17, "testnode":"TEST-1", "result":"fail"}},
{"model":"tms.testresult", "pk":218, "fields":{"testexec":3, "testcase":18, "testnode":"TEST-1", "result":"fail"}},
{"model":"tms.testresult", "pk":219, "fields":{"testexec":3, "testcase":19, "testnode":"TEST-1", "result":" "}},
{"model":"tms.testresult", "pk":220, "fields":{"testexec":3, "testcase":20, "testnode":"TEST-1", "result":"fail"}},
{"model":"tms.testresult", "pk":221, "fields":{"testexec":3, "testcase":21, "testnode":"TEST-1", "result":" "}},
{"model":"tms.testresult", "pk":222, "fields":{"testexec":3, "testcase":22, "testnode":"TEST-1", "result":"pass"}},
{"model":"tms.testresult", "pk":223, "fields":{"testexec":3, "testcase":23, "testnode":"TEST-1", "result":"fail"}},
{"model":"tms.testresult", "pk":224, "fields":{"testexec":3, "testcase":24, "testnode":"TEST-1", "result":" "}},
{"model":"tms.testresult", "pk":225, "fields":{"testexec":3, "testcase":25, "testnode":"TEST-1", "result":"pass"}},
{"model":"tms.testresult", "pk":226, "fields":{"testexec":3, "testcase":26, "testnode":"TEST-1", "result":" "}},
{"model":"tms.testresult", "pk":227, "fields":{"testexec":3, "testcase":27, "testnode":"TEST-1", "result":"pass"}},
{"model":"tms.testresult", "pk":228, "fields":{"testexec":3, "testcase":28, "testnode":"TEST-1", "result":" "}},
{"model":"tms.testresult", "pk":229, "fields":{"testexec":3, "testcase":29, "testnode":"TEST-1", "result":"fail"}},
{"model":"tms.testresult", "pk":230, "fields":{"testexec":3, "testcase":30, "testnode":"TEST-1", "result":" "}},
{"model":"tms.testresult", "pk":231, "fields":{"testexec":3, "testcase":31, "testnode":"TEST-1", "result":" "}},
{"model":"tms.testresult", "pk":232, "fields":{"testexec":3, "testcase":32, "testnode":"TEST-1", "result":"pass"}},
{"model":"tms.testresult", "pk":233, "fields":{"testexec":3, "testcase":33, "testnode":"TEST-1", "result":"fail"}},
{"model":"tms.testresult", "pk":234, "fields":{"testexec":3, "testcase":34, "testnode":"TEST-1", "result":"fail"}},
{"model":"tms.testresult", "pk":235, "fields":{"testexec":3, "testcase":35, "testnode":"TEST-1", "result":"fail"}},
{"model":"tms.testresult", "pk":236, "fields":{"testexec":3, "testcase":36, "testnode":"TEST-1", "result":"fail"}},
{"model":"tms.testresult", "pk":237, "fields":{"testexec":3, "testcase":37, "testnode":"TEST-1", "result":"fail"}},
{"model":"tms.testresult", "pk":238, "fields":{"testexec":3, "testcase":38, "testnode":"TEST-1", "result":"fail"}},
{"model":"tms.testresult", "pk":239, "fields":{"testexec":3, "testcase":39, "testnode":"TEST-1", "result":"fail"}},
{"model":"tms.testresult", "pk":240, "fields":{"testexec":3, "testcase":40, "testnode":"TEST-1", "result":"pass"}},
{"model":"tms.testresult", "pk":241, "fields":{"testexec":3, "testcase":41, "testnode":"TEST-1", "result":"fail"}},
{"model":"tms.testresult", "pk":242, "fields":{"testexec":3, "testcase":42, "testnode":"TEST-1", "result":"fail"}},
{"model":"tms.testresult", "pk":243, "fields":{"testexec":3, "testcase":43, "testnode":"TEST-1", "result":"pass"}},
{"model":"tms.testresult", "pk":244, "fields":{"testexec":3, "testcase":44, "testnode":"TEST-1", "result":"fail"}},
{"model":"tms.testresult", "pk":245, "fields":{"testexec":3, "testcase":45, "testnode":"TEST-1", "result":" "}},
{"model":"tms.testresult", "pk":246, "fields":{"testexec":3, "testcase":46, "testnode":"TEST-1", "result":"fail"}},
{"model":"tms.testresult", "pk":247, "fields":{"testexec":3, "testcase":47, "testnode":"TEST-1", "result":" "}},
{"model":"tms.testresult", "pk":248, "fields":{"testexec":3, "testcase":48, "testnode":"TEST-1", "result":"pass"}},
{"model":"tms.testresult", "pk":249, "fields":{"testexec":3, "testcase":49, "testnode":"TEST-1", "result":" "}},
{"model":"tms.testresult", "pk":250, "fields":{"testexec":3, "testcase":50, "testnode":"TEST-1", "result":"fail"}},
{"model":"tms.testresult", "pk":251, "fields":{"testexec":3, "testcase":51, "testnode":"TEST-1", "result":"fail"}},
{"model":"tms.testresult", "pk":252, "fields":{"testexec":3, "testcase":52, "testnode":"TEST-1", "result":"pass"}},
{"model":"tms.testresult", "pk":253, "fields":{"testexec":3, "testcase":53, "testnode":"TEST-1", "result":"pass"}},
{"model":"tms.testresult", "pk":254, "fields":{"testexec":3, "testcase":54, "testnode":"TEST-1", "result":"fail"}},
{"model":"tms.testresult", "pk":255, "fields":{"testexec":3, "testcase":55, "testnode":"TEST-1", "result":"fail"}},
{"model":"tms.testresult", "pk":256, "fields":{"testexec":3, "testcase":56, "testnode":"TEST-1", "result":"pass"}},
{"model":"tms.testresult", "pk":257, "fields":{"testexec":3, "testcase":57, "testnode":"TEST-1", "result":"fail"}},
{"model":"tms.testresult", "pk":258, "fields":{"testexec":3, "testcase":58, "testnode":"TEST-1", "result":"fail"}},
{"model":"tms.testresult", "pk":259, "fields":{"testexec":3, "testcase":59, "testnode":"TEST-1", "result":"pass"}},
{"model":"tms.testresult", "pk":260, "fields":{"testexec":3, "testcase":60, "testnode":"TEST-1", "result":" "}},
{"model":"tms.testresult", "pk":261, "fields":{"testexec":3, "testcase":61, "testnode":"TEST-1", "result":"fail"}},
{"model":"tms.testresult", "pk":262, "fields":{"testexec":3, "testcase":62, "testnode":"TEST-1", "result":"fail"}},
{"model":"tms.testresult", "pk":263, "fields":{"testexec":3, "testcase":63, "testnode":"TEST-1", "result":"fail"}},
{"model":"tms.testresult", "pk":264, "fields":{"testexec":3, "testcase":64, "testnode":"TEST-1", "result":"fail"}},
{"model":"tms.testresult", "pk":265, "fields":{"testexec":3, "testcase":65, "testnode":"TEST-1", "result":"fail"}},
{"model":"tms.testresult", "pk":266, "fields":{"testexec":3, "testcase":66, "testnode":"TEST-1", "result":"fail"}},
{"model":"tms.testresult", "pk":267, "fields":{"testexec":3, "testcase":67, "testnode":"TEST-1", "result":"pass"}},
{"model":"tms.testresult", "pk":268, "fields":{"testexec":3, "testcase":68, "testnode":"TEST-1", "result":" "}},
{"model":"tms.testresult", "pk":269, "fields":{"testexec":3, "testcase":69, "testnode":"TEST-1", "result":" "}},
{"model":"tms.testresult", "pk":270, "fields":{"testexec":3, "testcase":70, "testnode":"TEST-1", "result":" "}},
{"model":"tms.testresult", "pk":271, "fields":{"testexec":3, "testcase":71, "testnode":"TEST-1", "result":" "}},
{"model":"tms.testresult", "pk":272, "fields":{"testexec":3, "testcase":72, "testnode":"TEST-1", "result":"fail"}},
{"model":"tms.testresult", "pk":273, "fields":{"testexec":3, "testcase":73, "testnode":"TEST-1", "result":" "}},
{"model":"tms.testresult", "pk":274, "fields":{"testexec":3, "testcase":74, "testnode":"TEST-1", "result":" "}},
{"model":"tms.testresult", "pk":275, "fields":{"testexec":3, "testcase":75, "testnode":"TEST-1", "result":" "}},
{"model":"tms.testresult", "pk":276, "fields":{"testexec":3, "testcase":76, "testnode":"TEST-1", "result":"fail"}},
{"model":"tms.testresult", "pk":277, "fields":{"testexec":3, "testcase":77, "testnode":"TEST-1", "result":" "}},
{"model":"tms.testresult", "pk":278, "fields":{"testexec":3, "testcase":78, "testnode":"TEST-1", "result":"fail"}},
{"model":"tms.testresult", "pk":279, "fields":{"testexec":3, "testcase":79, "testnode":"TEST-1", "result":"fail"}},
{"model":"tms.testresult", "pk":280, "fields":{"testexec":3, "testcase":80, "testnode":"TEST-1", "result":"pass"}},
{"model":"tms.testresult", "pk":281, "fields":{"testexec":3, "testcase":81, "testnode":"TEST-1", "result":"pass"}},
{"model":"tms.testresult", "pk":282, "fields":{"testexec":3, "testcase":82, "testnode":"TEST-1", "result":" "}},
{"model":"tms.testresult", "pk":283, "fields":{"testexec":3, "testcase":83, "testnode":"TEST-1", "result":"fail"}},
{"model":"tms.testresult", "pk":284, "fields":{"testexec":3, "testcase":84, "testnode":"TEST-1", "result":" "}},
{"model":"tms.testresult", "pk":285, "fields":{"testexec":3, "testcase":85, "testnode":"TEST-1", "result":" "}},
{"model":"tms.testresult", "pk":286, "fields":{"testexec":3, "testcase":86, "testnode":"TEST-1", "result":"fail"}},
{"model":"tms.testresult", "pk":287, "fields":{"testexec":3, "testcase":87, "testnode":"TEST-1", "result":"pass"}},
{"model":"tms.testresult", "pk":288, "fields":{"testexec":3, "testcase":88, "testnode":"TEST-1", "result":"fail"}},
{"model":"tms.testresult", "pk":289, "fields":{"testexec":3, "testcase":89, "testnode":"TEST-1", "result":"pass"}},
{"model":"tms.testresult", "pk":290, "fields":{"testexec":3, "testcase":90, "testnode":"TEST-1", "result":" "}},
{"model":"tms.testresult", "pk":291, "fields":{"testexec":3, "testcase":91, "testnode":"TEST-1", "result":" "}},
{"model":"tms.testresult", "pk":292, "fields":{"testexec":3, "testcase":92, "testnode":"TEST-1", "result":" "}},
{"model":"tms.testresult", "pk":293, "fields":{"testexec":3, "testcase":93, "testnode":"TEST-1", "result":"fail"}},
{"model":"tms.testresult", "pk":294, "fields":{"testexec":3, "testcase":94, "testnode":"TEST-1", "result":"pass"}},
{"model":"tms.testresult", "pk":295, "fields":{"testexec":3, "testcase":95, "testnode":"TEST-1", "result":" "}},
{"model":"tms.testresult", "pk":296, "fields":{"testexec":3, "testcase":96, "testnode":"TEST-1", "result":"pass"}},
{"model":"tms.testresult", "pk":297, "fields":{"testexec":3, "testcase":97, "testnode":"TEST-1", "result":"pass"}},
{"model":"tms.testresult", "pk":298, "fields":{"testexec":3, "testcase":98, "testnode":"TEST-1", "result":"fail"}},
{"model":"tms.testresult", "pk":299, "fields":{"testexec":3, "testcase":99, "testnode":"TEST-1", "result":" "}},
{"model":"tms.testresult", "pk":300, "fields":{"testexec":3, "testcase":100, "testnode":"TEST-1", "result":" "}},
{"model":"tms.testresult", "pk":301, "fields":{"testexec":4, "testcase":1, "testnode":"TEST-1", "result":"pass"}},
{"model":"tms.testresult", "pk":302, "fields":{"testexec":4, "testcase":2, "testnode":"TEST-1", "result":"pass"}},
{"model":"tms.testresult", "pk":303, "fields":{"testexec":4, "testcase":3, "testnode":"TEST-1", "result":"pass"}},
{"model":"tms.testresult", "pk":304, "fields":{"testexec":4, "testcase":4, "testnode":"TEST-1", "result":"pass"}},
{"model":"tms.testresult", "pk":305, "fields":{"testexec":4, "testcase":5, "testnode":"TEST-1", "result":" "}},
{"model":"tms.testresult", "pk":306, "fields":{"testexec":4, "testcase":6, "testnode":"TEST-1", "result":"fail"}},
{"model":"tms.testresult", "pk":307, "fields":{"testexec":4, "testcase":7, "testnode":"TEST-1", "result":"fail"}},
{"model":"tms.testresult", "pk":308, "fields":{"testexec":4, "testcase":8, "testnode":"TEST-1", "result":"pass"}},
{"model":"tms.testresult", "pk":309, "fields":{"testexec":4, "testcase":9, "testnode":"TEST-1", "result":"pass"}},
{"model":"tms.testresult", "pk":310, "fields":{"testexec":4, "testcase":10, "testnode":"TEST-1", "result":"pass"}},
{"model":"tms.testresult", "pk":311, "fields":{"testexec":4, "testcase":11, "testnode":"TEST-1", "result":"pass"}},
{"model":"tms.testresult", "pk":312, "fields":{"testexec":4, "testcase":12, "testnode":"TEST-1", "result":"pass"}},
{"model":"tms.testresult", "pk":313, "fields":{"testexec":4, "testcase":13, "testnode":"TEST-1", "result":" "}},
{"model":"tms.testresult", "pk":314, "fields":{"testexec":4, "testcase":14, "testnode":"TEST-1", "result":"pass"}},
{"model":"tms.testresult", "pk":315, "fields":{"testexec":4, "testcase":15, "testnode":"TEST-1", "result":" "}},
{"model":"tms.testresult", "pk":316, "fields":{"testexec":4, "testcase":16, "testnode":"TEST-1", "result":"fail"}},
{"model":"tms.testresult", "pk":317, "fields":{"testexec":4, "testcase":17, "testnode":"TEST-1", "result":"pass"}},
{"model":"tms.testresult", "pk":318, "fields":{"testexec":4, "testcase":18, "testnode":"TEST-1", "result":"pass"}},
{"model":"tms.testresult", "pk":319, "fields":{"testexec":4, "testcase":19, "testnode":"TEST-1", "result":" "}},
{"model":"tms.testresult", "pk":320, "fields":{"testexec":4, "testcase":20, "testnode":"TEST-1", "result":"pass"}},
{"model":"tms.testresult", "pk":321, "fields":{"testexec":4, "testcase":21, "testnode":"TEST-1", "result":" "}},
{"model":"tms.testresult", "pk":322, "fields":{"testexec":4, "testcase":22, "testnode":"TEST-1", "result":" "}},
{"model":"tms.testresult", "pk":323, "fields":{"testexec":4, "testcase":23, "testnode":"TEST-1", "result":" "}},
{"model":"tms.testresult", "pk":324, "fields":{"testexec":4, "testcase":24, "testnode":"TEST-1", "result":"pass"}},
{"model":"tms.testresult", "pk":325, "fields":{"testexec":4, "testcase":25, "testnode":"TEST-1", "result":" "}},
{"model":"tms.testresult", "pk":326, "fields":{"testexec":4, "testcase":26, "testnode":"TEST-1", "result":" "}},
{"model":"tms.testresult", "pk":327, "fields":{"testexec":4, "testcase":27, "testnode":"TEST-1", "result":"fail"}},
{"model":"tms.testresult", "pk":328, "fields":{"testexec":4, "testcase":28, "testnode":"TEST-1", "result":"fail"}},
{"model":"tms.testresult", "pk":329, "fields":{"testexec":4, "testcase":29, "testnode":"TEST-1", "result":"pass"}},
{"model":"tms.testresult", "pk":330, "fields":{"testexec":4, "testcase":30, "testnode":"TEST-1", "result":"fail"}},
{"model":"tms.testresult", "pk":331, "fields":{"testexec":4, "testcase":31, "testnode":"TEST-1", "result":"pass"}},
{"model":"tms.testresult", "pk":332, "fields":{"testexec":4, "testcase":32, "testnode":"TEST-1", "result":"fail"}},
{"model":"tms.testresult", "pk":333, "fields":{"testexec":4, "testcase":33, "testnode":"TEST-1", "result":"pass"}},
{"model":"tms.testresult", "pk":334, "fields":{"testexec":4, "testcase":34, "testnode":"TEST-1", "result":"pass"}},
{"model":"tms.testresult", "pk":335, "fields":{"testexec":4, "testcase":35, "testnode":"TEST-1", "result":"fail"}},
{"model":"tms.testresult", "pk":336, "fields":{"testexec":4, "testcase":36, "testnode":"TEST-1", "result":"fail"}},
{"model":"tms.testresult", "pk":337, "fields":{"testexec":4, "testcase":37, "testnode":"TEST-1", "result":"pass"}},
{"model":"tms.testresult", "pk":338, "fields":{"testexec":4, "testcase":38, "testnode":"TEST-1", "result":"fail"}},
{"model":"tms.testresult", "pk":339, "fields":{"testexec":4, "testcase":39, "testnode":"TEST-1", "result":"pass"}},
{"model":"tms.testresult", "pk":340, "fields":{"testexec":4, "testcase":40, "testnode":"TEST-1", "result":" "}},
{"model":"tms.testresult", "pk":341, "fields":{"testexec":4, "testcase":41, "testnode":"TEST-1", "result":"fail"}},
{"model":"tms.testresult", "pk":342, "fields":{"testexec":4, "testcase":42, "testnode":"TEST-1", "result":"pass"}},
{"model":"tms.testresult", "pk":343, "fields":{"testexec":4, "testcase":43, "testnode":"TEST-1", "result":"pass"}},
{"model":"tms.testresult", "pk":344, "fields":{"testexec":4, "testcase":44, "testnode":"TEST-1", "result":"fail"}},
{"model":"tms.testresult", "pk":345, "fields":{"testexec":4, "testcase":45, "testnode":"TEST-1", "result":"fail"}},
{"model":"tms.testresult", "pk":346, "fields":{"testexec":4, "testcase":46, "testnode":"TEST-1", "result":"pass"}},
{"model":"tms.testresult", "pk":347, "fields":{"testexec":4, "testcase":47, "testnode":"TEST-1", "result":"pass"}},
{"model":"tms.testresult", "pk":348, "fields":{"testexec":4, "testcase":48, "testnode":"TEST-1", "result":" "}},
{"model":"tms.testresult", "pk":349, "fields":{"testexec":4, "testcase":49, "testnode":"TEST-1", "result":" "}},
{"model":"tms.testresult", "pk":350, "fields":{"testexec":4, "testcase":50, "testnode":"TEST-1", "result":" "}},
{"model":"tms.testresult", "pk":351, "fields":{"testexec":4, "testcase":51, "testnode":"TEST-1", "result":"fail"}},
{"model":"tms.testresult", "pk":352, "fields":{"testexec":4, "testcase":52, "testnode":"TEST-1", "result":"fail"}},
{"model":"tms.testresult", "pk":353, "fields":{"testexec":4, "testcase":53, "testnode":"TEST-1", "result":" "}},
{"model":"tms.testresult", "pk":354, "fields":{"testexec":4, "testcase":54, "testnode":"TEST-1", "result":"pass"}},
{"model":"tms.testresult", "pk":355, "fields":{"testexec":4, "testcase":55, "testnode":"TEST-1", "result":"fail"}},
{"model":"tms.testresult", "pk":356, "fields":{"testexec":4, "testcase":56, "testnode":"TEST-1", "result":" "}},
{"model":"tms.testresult", "pk":357, "fields":{"testexec":4, "testcase":57, "testnode":"TEST-1", "result":"fail"}},
{"model":"tms.testresult", "pk":358, "fields":{"testexec":4, "testcase":58, "testnode":"TEST-1", "result":" "}},
{"model":"tms.testresult", "pk":359, "fields":{"testexec":4, "testcase":59, "testnode":"TEST-1", "result":"fail"}},
{"model":"tms.testresult", "pk":360, "fields":{"testexec":4, "testcase":60, "testnode":"TEST-1", "result":"pass"}},
{"model":"tms.testresult", "pk":361, "fields":{"testexec":4, "testcase":61, "testnode":"TEST-1", "result":"pass"}},
{"model":"tms.testresult", "pk":362, "fields":{"testexec":4, "testcase":62, "testnode":"TEST-1", "result":"pass"}},
{"model":"tms.testresult", "pk":363, "fields":{"testexec":4, "testcase":63, "testnode":"TEST-1", "result":"pass"}},
{"model":"tms.testresult", "pk":364, "fields":{"testexec":4, "testcase":64, "testnode":"TEST-1", "result":" "}},
{"model":"tms.testresult", "pk":365, "fields":{"testexec":4, "testcase":65, "testnode":"TEST-1", "result":"pass"}},
{"model":"tms.testresult", "pk":366, "fields":{"testexec":4, "testcase":66, "testnode":"TEST-1", "result":"pass"}},
{"model":"tms.testresult", "pk":367, "fields":{"testexec":4, "testcase":67, "testnode":"TEST-1", "result":"pass"}},
{"model":"tms.testresult", "pk":368, "fields":{"testexec":4, "testcase":68, "testnode":"TEST-1", "result":" "}},
{"model":"tms.testresult", "pk":369, "fields":{"testexec":4, "testcase":69, "testnode":"TEST-1", "result":" "}},
{"model":"tms.testresult", "pk":370, "fields":{"testexec":4, "testcase":70, "testnode":"TEST-1", "result":"pass"}},
{"model":"tms.testresult", "pk":371, "fields":{"testexec":4, "testcase":71, "testnode":"TEST-1", "result":"fail"}},
{"model":"tms.testresult", "pk":372, "fields":{"testexec":4, "testcase":72, "testnode":"TEST-1", "result":"pass"}},
{"model":"tms.testresult", "pk":373, "fields":{"testexec":4, "testcase":73, "testnode":"TEST-1", "result":" "}},
{"model":"tms.testresult", "pk":374, "fields":{"testexec":4, "testcase":74, "testnode":"TEST-1", "result":" "}},
{"model":"tms.testresult", "pk":375, "fields":{"testexec":4, "testcase":75, "testnode":"TEST-1", "result":"fail"}},
{"model":"tms.testresult", "pk":376, "fields":{"testexec":4, "testcase":76, "testnode":"TEST-1", "result":"pass"}},
{"model":"tms.testresult", "pk":377, "fields":{"testexec":4, "testcase":77, "testnode":"TEST-1", "result":"pass"}},
{"model":"tms.testresult", "pk":378, "fields":{"testexec":4, "testcase":78, "testnode":"TEST-1", "result":"pass"}},
{"model":"tms.testresult", "pk":379, "fields":{"testexec":4, "testcase":79, "testnode":"TEST-1", "result":" "}},
{"model":"tms.testresult", "pk":380, "fields":{"testexec":4, "testcase":80, "testnode":"TEST-1", "result":"fail"}},
{"model":"tms.testresult", "pk":381, "fields":{"testexec":4, "testcase":81, "testnode":"TEST-1", "result":" "}},
{"model":"tms.testresult", "pk":382, "fields":{"testexec":4, "testcase":82, "testnode":"TEST-1", "result":"pass"}},
{"model":"tms.testresult", "pk":383, "fields":{"testexec":4, "testcase":83, "testnode":"TEST-1", "result":"pass"}},
{"model":"tms.testresult", "pk":384, "fields":{"testexec":4, "testcase":84, "testnode":"TEST-1", "result":" "}},
{"model":"tms.testresult", "pk":385, "fields":{"testexec":4, "testcase":85, "testnode":"TEST-1", "result":" "}},
{"model":"tms.testresult", "pk":386, "fields":{"testexec":4, "testcase":86, "testnode":"TEST-1", "result":"pass"}},
{"model":"tms.testresult", "pk":387, "fields":{"testexec":4, "testcase":87, "testnode":"TEST-1", "result":"fail"}},
{"model":"tms.testresult", "pk":388, "fields":{"testexec":4, "testcase":88, "testnode":"TEST-1", "result":"fail"}},
{"model":"tms.testresult", "pk":389, "fields":{"testexec":4, "testcase":89, "testnode":"TEST-1", "result":" "}},
{"model":"tms.testresult", "pk":390, "fields":{"testexec":4, "testcase":90, "testnode":"TEST-1", "result":" "}},
{"model":"tms.testresult", "pk":391, "fields":{"testexec":4, "testcase":91, "testnode":"TEST-1", "result":"pass"}},
{"model":"tms.testresult", "pk":392, "fields":{"testexec":4, "testcase":92, "testnode":"TEST-1", "result":"pass"}},
{"model":"tms.testresult", "pk":393, "fields":{"testexec":4, "testcase":93, "testnode":"TEST-1", "result":"pass"}},
{"model":"tms.testresult", "pk":394, "fields":{"testexec":4, "testcase":94, "testnode":"TEST-1", "result":" "}},
{"model":"tms.testresult", "pk":395, "fields":{"testexec":4, "testcase":95, "testnode":"TEST-1", "result":" "}},
{"model":"tms.testresult", "pk":396, "fields":{"testexec":4, "testcase":96, "testnode":"TEST-1", "result":" "}},
{"model":"tms.testresult", "pk":397, "fields":{"testexec":4, "testcase":97, "testnode":"TEST-1", "result":" "}},
{"model":"tms.testresult", "pk":398, "fields":{"testexec":4, "testcase":98, "testnode":"TEST-1", "result":"pass"}},
{"model":"tms.testresult", "pk":399, "fields":{"testexec":4, "testcase":99, "testnode":"TEST-1", "result":" "}},
{"model":"tms.testresult", "pk":400, "fields":{"testexec":4, "testcase":100, "testnode":"TEST-1", "result":" "}},
{"model":"tms.testresult", "pk":401, "fields":{"testexec":5, "testcase":1, "testnode":"TEST-1", "result":" "}},
{"model":"tms.testresult", "pk":402, "fields":{"testexec":5, "testcase":2, "testnode":"TEST-1", "result":"fail"}},
{"model":"tms.testresult", "pk":403, "fields":{"testexec":5, "testcase":3, "testnode":"TEST-1", "result":"pass"}},
{"model":"tms.testresult", "pk":404, "fields":{"testexec":5, "testcase":4, "testnode":"TEST-1", "result":"pass"}},
{"model":"tms.testresult", "pk":405, "fields":{"testexec":5, "testcase":5, "testnode":"TEST-1", "result":" "}},
{"model":"tms.testresult", "pk":406, "fields":{"testexec":5, "testcase":6, "testnode":"TEST-1", "result":"fail"}},
{"model":"tms.testresult", "pk":407, "fields":{"testexec":5, "testcase":7, "testnode":"TEST-1", "result":"fail"}},
{"model":"tms.testresult", "pk":408, "fields":{"testexec":5, "testcase":8, "testnode":"TEST-1", "result":"pass"}},
{"model":"tms.testresult", "pk":409, "fields":{"testexec":5, "testcase":9, "testnode":"TEST-1", "result":"fail"}},
{"model":"tms.testresult", "pk":410, "fields":{"testexec":5, "testcase":10, "testnode":"TEST-1", "result":"pass"}},
{"model":"tms.testresult", "pk":411, "fields":{"testexec":5, "testcase":11, "testnode":"TEST-1", "result":"pass"}},
{"model":"tms.testresult", "pk":412, "fields":{"testexec":5, "testcase":12, "testnode":"TEST-1", "result":" "}},
{"model":"tms.testresult", "pk":413, "fields":{"testexec":5, "testcase":13, "testnode":"TEST-1", "result":" "}},
{"model":"tms.testresult", "pk":414, "fields":{"testexec":5, "testcase":14, "testnode":"TEST-1", "result":"fail"}},
{"model":"tms.testresult", "pk":415, "fields":{"testexec":5, "testcase":15, "testnode":"TEST-1", "result":"fail"}},
{"model":"tms.testresult", "pk":416, "fields":{"testexec":5, "testcase":16, "testnode":"TEST-1", "result":"pass"}},
{"model":"tms.testresult", "pk":417, "fields":{"testexec":5, "testcase":17, "testnode":"TEST-1", "result":"fail"}},
{"model":"tms.testresult", "pk":418, "fields":{"testexec":5, "testcase":18, "testnode":"TEST-1", "result":" "}},
{"model":"tms.testresult", "pk":419, "fields":{"testexec":5, "testcase":19, "testnode":"TEST-1", "result":"fail"}},
{"model":"tms.testresult", "pk":420, "fields":{"testexec":5, "testcase":20, "testnode":"TEST-1", "result":" "}},
{"model":"tms.testresult", "pk":421, "fields":{"testexec":5, "testcase":21, "testnode":"TEST-1", "result":" "}},
{"model":"tms.testresult", "pk":422, "fields":{"testexec":5, "testcase":22, "testnode":"TEST-1", "result":"fail"}},
{"model":"tms.testresult", "pk":423, "fields":{"testexec":5, "testcase":23, "testnode":"TEST-1", "result":"pass"}},
{"model":"tms.testresult", "pk":424, "fields":{"testexec":5, "testcase":24, "testnode":"TEST-1", "result":" "}},
{"model":"tms.testresult", "pk":425, "fields":{"testexec":5, "testcase":25, "testnode":"TEST-1", "result":"fail"}},
{"model":"tms.testresult", "pk":426, "fields":{"testexec":5, "testcase":26, "testnode":"TEST-1", "result":" "}},
{"model":"tms.testresult", "pk":427, "fields":{"testexec":5, "testcase":27, "testnode":"TEST-1", "result":"fail"}},
{"model":"tms.testresult", "pk":428, "fields":{"testexec":5, "testcase":28, "testnode":"TEST-1", "result":"fail"}},
{"model":"tms.testresult", "pk":429, "fields":{"testexec":5, "testcase":29, "testnode":"TEST-1", "result":" "}},
{"model":"tms.testresult", "pk":430, "fields":{"testexec":5, "testcase":30, "testnode":"TEST-1", "result":" "}},
{"model":"tms.testresult", "pk":431, "fields":{"testexec":5, "testcase":31, "testnode":"TEST-1", "result":"fail"}},
{"model":"tms.testresult", "pk":432, "fields":{"testexec":5, "testcase":32, "testnode":"TEST-1", "result":"pass"}},
{"model":"tms.testresult", "pk":433, "fields":{"testexec":5, "testcase":33, "testnode":"TEST-1", "result":" "}},
{"model":"tms.testresult", "pk":434, "fields":{"testexec":5, "testcase":34, "testnode":"TEST-1", "result":"pass"}},
{"model":"tms.testresult", "pk":435, "fields":{"testexec":5, "testcase":35, "testnode":"TEST-1", "result":" "}},
{"model":"tms.testresult", "pk":436, "fields":{"testexec":5, "testcase":36, "testnode":"TEST-1", "result":"pass"}},
{"model":"tms.testresult", "pk":437, "fields":{"testexec":5, "testcase":37, "testnode":"TEST-1", "result":"pass"}},
{"model":"tms.testresult", "pk":438, "fields":{"testexec":5, "testcase":38, "testnode":"TEST-1", "result":"pass"}},
{"model":"tms.testresult", "pk":439, "fields":{"testexec":5, "testcase":39, "testnode":"TEST-1", "result":"fail"}},
{"model":"tms.testresult", "pk":440, "fields":{"testexec":5, "testcase":40, "testnode":"TEST-1", "result":"fail"}},
{"model":"tms.testresult", "pk":441, "fields":{"testexec":5, "testcase":41, "testnode":"TEST-1", "result":"pass"}},
{"model":"tms.testresult", "pk":442, "fields":{"testexec":5, "testcase":42, "testnode":"TEST-1", "result":" "}},
{"model":"tms.testresult", "pk":443, "fields":{"testexec":5, "testcase":43, "testnode":"TEST-1", "result":"fail"}},
{"model":"tms.testresult", "pk":444, "fields":{"testexec":5, "testcase":44, "testnode":"TEST-1", "result":"fail"}},
{"model":"tms.testresult", "pk":445, "fields":{"testexec":5, "testcase":45, "testnode":"TEST-1", "result":" "}},
{"model":"tms.testresult", "pk":446, "fields":{"testexec":5, "testcase":46, "testnode":"TEST-1", "result":" "}},
{"model":"tms.testresult", "pk":447, "fields":{"testexec":5, "testcase":47, "testnode":"TEST-1", "result":" "}},
{"model":"tms.testresult", "pk":448, "fields":{"testexec":5, "testcase":48, "testnode":"TEST-1", "result":"fail"}},
{"model":"tms.testresult", "pk":449, "fields":{"testexec":5, "testcase":49, "testnode":"TEST-1", "result":"fail"}},
{"model":"tms.testresult", "pk":450, "fields":{"testexec":5, "testcase":50, "testnode":"TEST-1", "result":"fail"}},
{"model":"tms.testresult", "pk":451, "fields":{"testexec":5, "testcase":51, "testnode":"TEST-1", "result":"fail"}},
{"model":"tms.testresult", "pk":452, "fields":{"testexec":5, "testcase":52, "testnode":"TEST-1", "result":"fail"}},
{"model":"tms.testresult", "pk":453, "fields":{"testexec":5, "testcase":53, "testnode":"TEST-1", "result":" "}},
{"model":"tms.testresult", "pk":454, "fields":{"testexec":5, "testcase":54, "testnode":"TEST-1", "result":" "}},
{"model":"tms.testresult", "pk":455, "fields":{"testexec":5, "testcase":55, "testnode":"TEST-1", "result":"pass"}},
{"model":"tms.testresult", "pk":456, "fields":{"testexec":5, "testcase":56, "testnode":"TEST-1", "result":"pass"}},
{"model":"tms.testresult", "pk":457, "fields":{"testexec":5, "testcase":57, "testnode":"TEST-1", "result":" "}},
{"model":"tms.testresult", "pk":458, "fields":{"testexec":5, "testcase":58, "testnode":"TEST-1", "result":"fail"}},
{"model":"tms.testresult", "pk":459, "fields":{"testexec":5, "testcase":59, "testnode":"TEST-1", "result":"fail"}},
{"model":"tms.testresult", "pk":460, "fields":{"testexec":5, "testcase":60, "testnode":"TEST-1", "result":" "}},
{"model":"tms.testresult", "pk":461, "fields":{"testexec":5, "testcase":61, "testnode":"TEST-1", "result":" "}},
{"model":"tms.testresult", "pk":462, "fields":{"testexec":5, "testcase":62, "testnode":"TEST-1", "result":" "}},
{"model":"tms.testresult", "pk":463, "fields":{"testexec":5, "testcase":63, "testnode":"TEST-1", "result":"fail"}},
{"model":"tms.testresult", "pk":464, "fields":{"testexec":5, "testcase":64, "testnode":"TEST-1", "result":"fail"}},
{"model":"tms.testresult", "pk":465, "fields":{"testexec":5, "testcase":65, "testnode":"TEST-1", "result":"pass"}},
{"model":"tms.testresult", "pk":466, "fields":{"testexec":5, "testcase":66, "testnode":"TEST-1", "result":"fail"}},
{"model":"tms.testresult", "pk":467, "fields":{"testexec":5, "testcase":67, "testnode":"TEST-1", "result":" "}},
{"model":"tms.testresult", "pk":468, "fields":{"testexec":5, "testcase":68, "testnode":"TEST-1", "result":"fail"}},
{"model":"tms.testresult", "pk":469, "fields":{"testexec":5, "testcase":69, "testnode":"TEST-1", "result":" "}},
{"model":"tms.testresult", "pk":470, "fields":{"testexec":5, "testcase":70, "testnode":"TEST-1", "result":" "}},
{"model":"tms.testresult", "pk":471, "fields":{"testexec":5, "testcase":71, "testnode":"TEST-1", "result":"fail"}},
{"model":"tms.testresult", "pk":472, "fields":{"testexec":5, "testcase":72, "testnode":"TEST-1", "result":"pass"}},
{"model":"tms.testresult", "pk":473, "fields":{"testexec":5, "testcase":73, "testnode":"TEST-1", "result":" "}},
{"model":"tms.testresult", "pk":474, "fields":{"testexec":5, "testcase":74, "testnode":"TEST-1", "result":"fail"}},
{"model":"tms.testresult", "pk":475, "fields":{"testexec":5, "testcase":75, "testnode":"TEST-1", "result":"pass"}},
{"model":"tms.testresult", "pk":476, "fields":{"testexec":5, "testcase":76, "testnode":"TEST-1", "result":"pass"}},
{"model":"tms.testresult", "pk":477, "fields":{"testexec":5, "testcase":77, "testnode":"TEST-1", "result":"pass"}},
{"model":"tms.testresult", "pk":478, "fields":{"testexec":5, "testcase":78, "testnode":"TEST-1", "result":" "}},
{"model":"tms.testresult", "pk":479, "fields":{"testexec":5, "testcase":79, "testnode":"TEST-1", "result":"fail"}},
{"model":"tms.testresult", "pk":480, "fields":{"testexec":5, "testcase":80, "testnode":"TEST-1", "result":" "}},
{"model":"tms.testresult", "pk":481, "fields":{"testexec":5, "testcase":81, "testnode":"TEST-1", "result":"fail"}},
{"model":"tms.testresult", "pk":482, "fields":{"testexec":5, "testcase":82, "testnode":"TEST-1", "result":" "}},
{"model":"tms.testresult", "pk":483, "fields":{"testexec":5, "testcase":83, "testnode":"TEST-1", "result":"pass"}},
{"model":"tms.testresult", "pk":484, "fields":{"testexec":5, "testcase":84, "testnode":"TEST-1", "result":"fail"}},
{"model":"tms.testresult", "pk":485, "fields":{"testexec":5, "testcase":85, "testnode":"TEST-1", "result":" "}},
{"model":"tms.testresult", "pk":486, "fields":{"testexec":5, "testcase":86, "testnode":"TEST-1", "result":"pass"}},
{"model":"tms.testresult", "pk":487, "fields":{"testexec":5, "testcase":87, "testnode":"TEST-1", "result":" "}},
{"model":"tms.testresult", "pk":488, "fields":{"testexec":5, "testcase":88, "testnode":"TEST-1", "result":" "}},
{"model":"tms.testresult", "pk":489, "fields":{"testexec":5, "testcase":89, "testnode":"TEST-1", "result":" "}},
{"model":"tms.testresult", "pk":490, "fields":{"testexec":5, "testcase":90, "testnode":"TEST-1", "result":" "}},
{"model":"tms.testresult", "pk":491, "fields":{"testexec":5, "testcase":91, "testnode":"TEST-1", "result":"fail"}},
{"model":"tms.testresult", "pk":492, "fields":{"testexec":5, "testcase":92, "testnode":"TEST-1", "result":" "}},
{"model":"tms.testresult", "pk":493, "fields":{"testexec":5, "testcase":93, "testnode":"TEST-1", "result":" "}},
{"model":"tms.testresult", "pk":494, "fields":{"testexec":5, "testcase":94, "testnode":"TEST-1", "result":" "}},
{"model":"tms.testresult", "pk":495, "fields":{"testexec":5, "testcase":95, "testnode":"TEST-1", "result":" "}},
{"model":"tms.testresult", "pk":496, "fields":{"testexec":5, "testcase":96, "testnode":"TEST-1", "result":"fail"}},
{"model":"tms.testresult", "pk":497, "fields":{"testexec":5, "testcase":97, "testnode":"TEST-1", "result":" "}},
{"model":"tms.testresult", "pk":498, "fields":{"testexec":5, "testcase":98, "testnode":"TEST-1", "result":" "}},
{"model":"tms.testresult", "pk":499, "fields":{"testexec":5, "testcase":99, "testnode":"TEST-1", "result":"fail"}},
{"model":"tms.testresult", "pk":500, "fields":{"testexec":5, "testcase":100, "testnode":"TEST-1", "result":"fail"}},
{"model":"tms.testresult", "pk":501, "fields":{"testexec":6, "testcase":1, "testnode":"TEST-1", "result":"fail"}},
{"model":"tms.testresult", "pk":502, "fields":{"testexec":6, "testcase":2, "testnode":"TEST-1", "result":" "}},
{"model":"tms.testresult", "pk":503, "fields":{"testexec":6, "testcase":3, "testnode":"TEST-1", "result":"fail"}},
{"model":"tms.testresult", "pk":504, "fields":{"testexec":6, "testcase":4, "testnode":"TEST-1", "result":"fail"}},
{"model":"tms.testresult", "pk":505, "fields":{"testexec":6, "testcase":5, "testnode":"TEST-1", "result":"pass"}},
{"model":"tms.testresult", "pk":506, "fields":{"testexec":6, "testcase":6, "testnode":"TEST-1", "result":"fail"}},
{"model":"tms.testresult", "pk":507, "fields":{"testexec":6, "testcase":7, "testnode":"TEST-1", "result":"fail"}},
{"model":"tms.testresult", "pk":508, "fields":{"testexec":6, "testcase":8, "testnode":"TEST-1", "result":"fail"}},
{"model":"tms.testresult", "pk":509, "fields":{"testexec":6, "testcase":9, "testnode":"TEST-1", "result":"fail"}},
{"model":"tms.testresult", "pk":510, "fields":{"testexec":6, "testcase":10, "testnode":"TEST-1", "result":" "}},
{"model":"tms.testresult", "pk":511, "fields":{"testexec":6, "testcase":11, "testnode":"TEST-1", "result":" "}},
{"model":"tms.testresult", "pk":512, "fields":{"testexec":6, "testcase":12, "testnode":"TEST-1", "result":"pass"}},
{"model":"tms.testresult", "pk":513, "fields":{"testexec":6, "testcase":13, "testnode":"TEST-1", "result":" "}},
{"model":"tms.testresult", "pk":514, "fields":{"testexec":6, "testcase":14, "testnode":"TEST-1", "result":" "}},
{"model":"tms.testresult", "pk":515, "fields":{"testexec":6, "testcase":15, "testnode":"TEST-1", "result":"fail"}},
{"model":"tms.testresult", "pk":516, "fields":{"testexec":6, "testcase":16, "testnode":"TEST-1", "result":"pass"}},
{"model":"tms.testresult", "pk":517, "fields":{"testexec":6, "testcase":17, "testnode":"TEST-1", "result":"fail"}},
{"model":"tms.testresult", "pk":518, "fields":{"testexec":6, "testcase":18, "testnode":"TEST-1", "result":" "}},
{"model":"tms.testresult", "pk":519, "fields":{"testexec":6, "testcase":19, "testnode":"TEST-1", "result":" "}},
{"model":"tms.testresult", "pk":520, "fields":{"testexec":6, "testcase":20, "testnode":"TEST-1", "result":" "}},
{"model":"tms.testresult", "pk":521, "fields":{"testexec":6, "testcase":21, "testnode":"TEST-1", "result":" "}},
{"model":"tms.testresult", "pk":522, "fields":{"testexec":6, "testcase":22, "testnode":"TEST-1", "result":"pass"}},
{"model":"tms.testresult", "pk":523, "fields":{"testexec":6, "testcase":23, "testnode":"TEST-1", "result":" "}},
{"model":"tms.testresult", "pk":524, "fields":{"testexec":6, "testcase":24, "testnode":"TEST-1", "result":"fail"}},
{"model":"tms.testresult", "pk":525, "fields":{"testexec":6, "testcase":25, "testnode":"TEST-1", "result":"pass"}},
{"model":"tms.testresult", "pk":526, "fields":{"testexec":6, "testcase":26, "testnode":"TEST-1", "result":"pass"}},
{"model":"tms.testresult", "pk":527, "fields":{"testexec":6, "testcase":27, "testnode":"TEST-1", "result":" "}},
{"model":"tms.testresult", "pk":528, "fields":{"testexec":6, "testcase":28, "testnode":"TEST-1", "result":"fail"}},
{"model":"tms.testresult", "pk":529, "fields":{"testexec":6, "testcase":29, "testnode":"TEST-1", "result":"pass"}},
{"model":"tms.testresult", "pk":530, "fields":{"testexec":6, "testcase":30, "testnode":"TEST-1", "result":"fail"}},
{"model":"tms.testresult", "pk":531, "fields":{"testexec":6, "testcase":31, "testnode":"TEST-1", "result":" "}},
{"model":"tms.testresult", "pk":532, "fields":{"testexec":6, "testcase":32, "testnode":"TEST-1", "result":"fail"}},
{"model":"tms.testresult", "pk":533, "fields":{"testexec":6, "testcase":33, "testnode":"TEST-1", "result":"pass"}},
{"model":"tms.testresult", "pk":534, "fields":{"testexec":6, "testcase":34, "testnode":"TEST-1", "result":" "}},
{"model":"tms.testresult", "pk":535, "fields":{"testexec":6, "testcase":35, "testnode":"TEST-1", "result":" "}},
{"model":"tms.testresult", "pk":536, "fields":{"testexec":6, "testcase":36, "testnode":"TEST-1", "result":"fail"}},
{"model":"tms.testresult", "pk":537, "fields":{"testexec":6, "testcase":37, "testnode":"TEST-1", "result":"pass"}},
{"model":"tms.testresult", "pk":538, "fields":{"testexec":6, "testcase":38, "testnode":"TEST-1", "result":"pass"}},
{"model":"tms.testresult", "pk":539, "fields":{"testexec":6, "testcase":39, "testnode":"TEST-1", "result":" "}},
{"model":"tms.testresult", "pk":540, "fields":{"testexec":6, "testcase":40, "testnode":"TEST-1", "result":"pass"}},
{"model":"tms.testresult", "pk":541, "fields":{"testexec":6, "testcase":41, "testnode":"TEST-1", "result":"fail"}},
{"model":"tms.testresult", "pk":542, "fields":{"testexec":6, "testcase":42, "testnode":"TEST-1", "result":" "}},
{"model":"tms.testresult", "pk":543, "fields":{"testexec":6, "testcase":43, "testnode":"TEST-1", "result":"fail"}},
{"model":"tms.testresult", "pk":544, "fields":{"testexec":6, "testcase":44, "testnode":"TEST-1", "result":" "}},
{"model":"tms.testresult", "pk":545, "fields":{"testexec":6, "testcase":45, "testnode":"TEST-1", "result":"pass"}},
{"model":"tms.testresult", "pk":546, "fields":{"testexec":6, "testcase":46, "testnode":"TEST-1", "result":"fail"}},
{"model":"tms.testresult", "pk":547, "fields":{"testexec":6, "testcase":47, "testnode":"TEST-1", "result":"pass"}},
{"model":"tms.testresult", "pk":548, "fields":{"testexec":6, "testcase":48, "testnode":"TEST-1", "result":" "}},
{"model":"tms.testresult", "pk":549, "fields":{"testexec":6, "testcase":49, "testnode":"TEST-1", "result":"fail"}},
{"model":"tms.testresult", "pk":550, "fields":{"testexec":6, "testcase":50, "testnode":"TEST-1", "result":"pass"}},
{"model":"tms.testresult", "pk":551, "fields":{"testexec":6, "testcase":51, "testnode":"TEST-1", "result":" "}},
{"model":"tms.testresult", "pk":552, "fields":{"testexec":6, "testcase":52, "testnode":"TEST-1", "result":" "}},
{"model":"tms.testresult", "pk":553, "fields":{"testexec":6, "testcase":53, "testnode":"TEST-1", "result":"fail"}},
{"model":"tms.testresult", "pk":554, "fields":{"testexec":6, "testcase":54, "testnode":"TEST-1", "result":" "}},
{"model":"tms.testresult", "pk":555, "fields":{"testexec":6, "testcase":55, "testnode":"TEST-1", "result":"fail"}},
{"model":"tms.testresult", "pk":556, "fields":{"testexec":6, "testcase":56, "testnode":"TEST-1", "result":" "}},
{"model":"tms.testresult", "pk":557, "fields":{"testexec":6, "testcase":57, "testnode":"TEST-1", "result":"fail"}},
{"model":"tms.testresult", "pk":558, "fields":{"testexec":6, "testcase":58, "testnode":"TEST-1", "result":" "}},
{"model":"tms.testresult", "pk":559, "fields":{"testexec":6, "testcase":59, "testnode":"TEST-1", "result":"fail"}},
{"model":"tms.testresult", "pk":560, "fields":{"testexec":6, "testcase":60, "testnode":"TEST-1", "result":"pass"}},
{"model":"tms.testresult", "pk":561, "fields":{"testexec":6, "testcase":61, "testnode":"TEST-1", "result":" "}},
{"model":"tms.testresult", "pk":562, "fields":{"testexec":6, "testcase":62, "testnode":"TEST-1", "result":" "}},
{"model":"tms.testresult", "pk":563, "fields":{"testexec":6, "testcase":63, "testnode":"TEST-1", "result":"pass"}},
{"model":"tms.testresult", "pk":564, "fields":{"testexec":6, "testcase":64, "testnode":"TEST-1", "result":"fail"}},
{"model":"tms.testresult", "pk":565, "fields":{"testexec":6, "testcase":65, "testnode":"TEST-1", "result":"pass"}},
{"model":"tms.testresult", "pk":566, "fields":{"testexec":6, "testcase":66, "testnode":"TEST-1", "result":"fail"}},
{"model":"tms.testresult", "pk":567, "fields":{"testexec":6, "testcase":67, "testnode":"TEST-1", "result":"pass"}},
{"model":"tms.testresult", "pk":568, "fields":{"testexec":6, "testcase":68, "testnode":"TEST-1", "result":" "}},
{"model":"tms.testresult", "pk":569, "fields":{"testexec":6, "testcase":69, "testnode":"TEST-1", "result":"fail"}},
{"model":"tms.testresult", "pk":570, "fields":{"testexec":6, "testcase":70, "testnode":"TEST-1", "result":"pass"}},
{"model":"tms.testresult", "pk":571, "fields":{"testexec":6, "testcase":71, "testnode":"TEST-1", "result":"fail"}},
{"model":"tms.testresult", "pk":572, "fields":{"testexec":6, "testcase":72, "testnode":"TEST-1", "result":" "}},
{"model":"tms.testresult", "pk":573, "fields":{"testexec":6, "testcase":73, "testnode":"TEST-1", "result":"pass"}},
{"model":"tms.testresult", "pk":574, "fields":{"testexec":6, "testcase":74, "testnode":"TEST-1", "result":"pass"}},
{"model":"tms.testresult", "pk":575, "fields":{"testexec":6, "testcase":75, "testnode":"TEST-1", "result":" "}},
{"model":"tms.testresult", "pk":576, "fields":{"testexec":6, "testcase":76, "testnode":"TEST-1", "result":" "}},
{"model":"tms.testresult", "pk":577, "fields":{"testexec":6, "testcase":77, "testnode":"TEST-1", "result":"fail"}},
{"model":"tms.testresult", "pk":578, "fields":{"testexec":6, "testcase":78, "testnode":"TEST-1", "result":"pass"}},
{"model":"tms.testresult", "pk":579, "fields":{"testexec":6, "testcase":79, "testnode":"TEST-1", "result":" "}},
{"model":"tms.testresult", "pk":580, "fields":{"testexec":6, "testcase":80, "testnode":"TEST-1", "result":"pass"}},
{"model":"tms.testresult", "pk":581, "fields":{"testexec":6, "testcase":81, "testnode":"TEST-1", "result":"pass"}},
{"model":"tms.testresult", "pk":582, "fields":{"testexec":6, "testcase":82, "testnode":"TEST-1", "result":"fail"}},
{"model":"tms.testresult", "pk":583, "fields":{"testexec":6, "testcase":83, "testnode":"TEST-1", "result":" "}},
{"model":"tms.testresult", "pk":584, "fields":{"testexec":6, "testcase":84, "testnode":"TEST-1", "result":" "}},
{"model":"tms.testresult", "pk":585, "fields":{"testexec":6, "testcase":85, "testnode":"TEST-1", "result":"pass"}},
{"model":"tms.testresult", "pk":586, "fields":{"testexec":6, "testcase":86, "testnode":"TEST-1", "result":" "}},
{"model":"tms.testresult", "pk":587, "fields":{"testexec":6, "testcase":87, "testnode":"TEST-1", "result":" "}},
{"model":"tms.testresult", "pk":588, "fields":{"testexec":6, "testcase":88, "testnode":"TEST-1", "result":"fail"}},
{"model":"tms.testresult", "pk":589, "fields":{"testexec":6, "testcase":89, "testnode":"TEST-1", "result":" "}},
{"model":"tms.testresult", "pk":590, "fields":{"testexec":6, "testcase":90, "testnode":"TEST-1", "result":"fail"}},
{"model":"tms.testresult", "pk":591, "fields":{"testexec":6, "testcase":91, "testnode":"TEST-1", "result":"fail"}},
{"model":"tms.testresult", "pk":592, "fields":{"testexec":6, "testcase":92, "testnode":"TEST-1", "result":"fail"}},
{"model":"tms.testresult", "pk":593, "fields":{"testexec":6, "testcase":93, "testnode":"TEST-1", "result":"pass"}},
{"model":"tms.testresult", "pk":594, "fields":{"testexec":6, "testcase":94, "testnode":"TEST-1", "result":"pass"}},
{"model":"tms.testresult", "pk":595, "fields":{"testexec":6, "testcase":95, "testnode":"TEST-1", "result":"pass"}},
{"model":"tms.testresult", "pk":596, "fields":{"testexec":6, "testcase":96, "testnode":"TEST-1", "result":" "}},
{"model":"tms.testresult", "pk":597, "fields":{"testexec":6, "testcase":97, "testnode":"TEST-1", "result":"pass"}},
{"model":"tms.testresult", "pk":598, "fields":{"testexec":6, "testcase":98, "testnode":"TEST-1", "result":" "}},
{"model":"tms.testresult", "pk":599, "fields":{"testexec":6, "testcase":99, "testnode":"TEST-1", "result":"pass"}},
{"model":"tms.testresult", "pk":600, "fields":{"testexec":6, "testcase":100, "testnode":"TEST-1", "result":"fail"}},
{"model":"tms.testresult", "pk":601, "fields":{"testexec":7, "testcase":1, "testnode":"TEST-1", "result":"fail"}},
{"model":"tms.testresult", "pk":602, "fields":{"testexec":7, "testcase":2, "testnode":"TEST-1", "result":"pass"}},
{"model":"tms.testresult", "pk":603, "fields":{"testexec":7, "testcase":3, "testnode":"TEST-1", "result":"fail"}},
{"model":"tms.testresult", "pk":604, "fields":{"testexec":7, "testcase":4, "testnode":"TEST-1", "result":"fail"}},
{"model":"tms.testresult", "pk":605, "fields":{"testexec":7, "testcase":5, "testnode":"TEST-1", "result":" "}},
{"model":"tms.testresult", "pk":606, "fields":{"testexec":7, "testcase":6, "testnode":"TEST-1", "result":"pass"}},
{"model":"tms.testresult", "pk":607, "fields":{"testexec":7, "testcase":7, "testnode":"TEST-1", "result":" "}},
{"model":"tms.testresult", "pk":608, "fields":{"testexec":7, "testcase":8, "testnode":"TEST-1", "result":"fail"}},
{"model":"tms.testresult", "pk":609, "fields":{"testexec":7, "testcase":9, "testnode":"TEST-1", "result":" "}},
{"model":"tms.testresult", "pk":610, "fields":{"testexec":7, "testcase":10, "testnode":"TEST-1", "result":" "}},
{"model":"tms.testresult", "pk":611, "fields":{"testexec":7, "testcase":11, "testnode":"TEST-1", "result":"pass"}},
{"model":"tms.testresult", "pk":612, "fields":{"testexec":7, "testcase":12, "testnode":"TEST-1", "result":"fail"}},
{"model":"tms.testresult", "pk":613, "fields":{"testexec":7, "testcase":13, "testnode":"TEST-1", "result":" "}},
{"model":"tms.testresult", "pk":614, "fields":{"testexec":7, "testcase":14, "testnode":"TEST-1", "result":" "}},
{"model":"tms.testresult", "pk":615, "fields":{"testexec":7, "testcase":15, "testnode":"TEST-1", "result":" "}},
{"model":"tms.testresult", "pk":616, "fields":{"testexec":7, "testcase":16, "testnode":"TEST-1", "result":"fail"}},
{"model":"tms.testresult", "pk":617, "fields":{"testexec":7, "testcase":17, "testnode":"TEST-1", "result":" "}},
{"model":"tms.testresult", "pk":618, "fields":{"testexec":7, "testcase":18, "testnode":"TEST-1", "result":"pass"}},
{"model":"tms.testresult", "pk":619, "fields":{"testexec":7, "testcase":19, "testnode":"TEST-1", "result":"pass"}},
{"model":"tms.testresult", "pk":620, "fields":{"testexec":7, "testcase":20, "testnode":"TEST-1", "result":" "}},
{"model":"tms.testresult", "pk":621, "fields":{"testexec":7, "testcase":21, "testnode":"TEST-1", "result":"pass"}},
{"model":"tms.testresult", "pk":622, "fields":{"testexec":7, "testcase":22, "testnode":"TEST-1", "result":"fail"}},
{"model":"tms.testresult", "pk":623, "fields":{"testexec":7, "testcase":23, "testnode":"TEST-1", "result":" "}},
{"model":"tms.testresult", "pk":624, "fields":{"testexec":7, "testcase":24, "testnode":"TEST-1", "result":"pass"}},
{"model":"tms.testresult", "pk":625, "fields":{"testexec":7, "testcase":25, "testnode":"TEST-1", "result":" "}},
{"model":"tms.testresult", "pk":626, "fields":{"testexec":7, "testcase":26, "testnode":"TEST-1", "result":"fail"}},
{"model":"tms.testresult", "pk":627, "fields":{"testexec":7, "testcase":27, "testnode":"TEST-1", "result":"pass"}},
{"model":"tms.testresult", "pk":628, "fields":{"testexec":7, "testcase":28, "testnode":"TEST-1", "result":"fail"}},
{"model":"tms.testresult", "pk":629, "fields":{"testexec":7, "testcase":29, "testnode":"TEST-1", "result":"pass"}},
{"model":"tms.testresult", "pk":630, "fields":{"testexec":7, "testcase":30, "testnode":"TEST-1", "result":"fail"}},
{"model":"tms.testresult", "pk":631, "fields":{"testexec":7, "testcase":31, "testnode":"TEST-1", "result":" "}},
{"model":"tms.testresult", "pk":632, "fields":{"testexec":7, "testcase":32, "testnode":"TEST-1", "result":"fail"}},
{"model":"tms.testresult", "pk":633, "fields":{"testexec":7, "testcase":33, "testnode":"TEST-1", "result":"pass"}},
{"model":"tms.testresult", "pk":634, "fields":{"testexec":7, "testcase":34, "testnode":"TEST-1", "result":" "}},
{"model":"tms.testresult", "pk":635, "fields":{"testexec":7, "testcase":35, "testnode":"TEST-1", "result":" "}},
{"model":"tms.testresult", "pk":636, "fields":{"testexec":7, "testcase":36, "testnode":"TEST-1", "result":"pass"}},
{"model":"tms.testresult", "pk":637, "fields":{"testexec":7, "testcase":37, "testnode":"TEST-1", "result":" "}},
{"model":"tms.testresult", "pk":638, "fields":{"testexec":7, "testcase":38, "testnode":"TEST-1", "result":"fail"}},
{"model":"tms.testresult", "pk":639, "fields":{"testexec":7, "testcase":39, "testnode":"TEST-1", "result":"pass"}},
{"model":"tms.testresult", "pk":640, "fields":{"testexec":7, "testcase":40, "testnode":"TEST-1", "result":"fail"}},
{"model":"tms.testresult", "pk":641, "fields":{"testexec":7, "testcase":41, "testnode":"TEST-1", "result":"fail"}},
{"model":"tms.testresult", "pk":642, "fields":{"testexec":7, "testcase":42, "testnode":"TEST-1", "result":"pass"}},
{"model":"tms.testresult", "pk":643, "fields":{"testexec":7, "testcase":43, "testnode":"TEST-1", "result":" "}},
{"model":"tms.testresult", "pk":644, "fields":{"testexec":7, "testcase":44, "testnode":"TEST-1", "result":"fail"}},
{"model":"tms.testresult", "pk":645, "fields":{"testexec":7, "testcase":45, "testnode":"TEST-1", "result":"fail"}},
{"model":"tms.testresult", "pk":646, "fields":{"testexec":7, "testcase":46, "testnode":"TEST-1", "result":"fail"}},
{"model":"tms.testresult", "pk":647, "fields":{"testexec":7, "testcase":47, "testnode":"TEST-1", "result":"pass"}},
{"model":"tms.testresult", "pk":648, "fields":{"testexec":7, "testcase":48, "testnode":"TEST-1", "result":"fail"}},
{"model":"tms.testresult", "pk":649, "fields":{"testexec":7, "testcase":49, "testnode":"TEST-1", "result":" "}},
{"model":"tms.testresult", "pk":650, "fields":{"testexec":7, "testcase":50, "testnode":"TEST-1", "result":"fail"}},
{"model":"tms.testresult", "pk":651, "fields":{"testexec":7, "testcase":51, "testnode":"TEST-1", "result":"pass"}},
{"model":"tms.testresult", "pk":652, "fields":{"testexec":7, "testcase":52, "testnode":"TEST-1", "result":"fail"}},
{"model":"tms.testresult", "pk":653, "fields":{"testexec":7, "testcase":53, "testnode":"TEST-1", "result":"pass"}},
{"model":"tms.testresult", "pk":654, "fields":{"testexec":7, "testcase":54, "testnode":"TEST-1", "result":" "}},
{"model":"tms.testresult", "pk":655, "fields":{"testexec":7, "testcase":55, "testnode":"TEST-1", "result":" "}},
{"model":"tms.testresult", "pk":656, "fields":{"testexec":7, "testcase":56, "testnode":"TEST-1", "result":" "}},
{"model":"tms.testresult", "pk":657, "fields":{"testexec":7, "testcase":57, "testnode":"TEST-1", "result":"pass"}},
{"model":"tms.testresult", "pk":658, "fields":{"testexec":7, "testcase":58, "testnode":"TEST-1", "result":"fail"}},
{"model":"tms.testresult", "pk":659, "fields":{"testexec":7, "testcase":59, "testnode":"TEST-1", "result":"fail"}},
{"model":"tms.testresult", "pk":660, "fields":{"testexec":7, "testcase":60, "testnode":"TEST-1", "result":"fail"}},
{"model":"tms.testresult", "pk":661, "fields":{"testexec":7, "testcase":61, "testnode":"TEST-1", "result":"pass"}},
{"model":"tms.testresult", "pk":662, "fields":{"testexec":7, "testcase":62, "testnode":"TEST-1", "result":"fail"}},
{"model":"tms.testresult", "pk":663, "fields":{"testexec":7, "testcase":63, "testnode":"TEST-1", "result":" "}},
{"model":"tms.testresult", "pk":664, "fields":{"testexec":7, "testcase":64, "testnode":"TEST-1", "result":" "}},
{"model":"tms.testresult", "pk":665, "fields":{"testexec":7, "testcase":65, "testnode":"TEST-1", "result":"fail"}},
{"model":"tms.testresult", "pk":666, "fields":{"testexec":7, "testcase":66, "testnode":"TEST-1", "result":" "}},
{"model":"tms.testresult", "pk":667, "fields":{"testexec":7, "testcase":67, "testnode":"TEST-1", "result":"fail"}},
{"model":"tms.testresult", "pk":668, "fields":{"testexec":7, "testcase":68, "testnode":"TEST-1", "result":"pass"}},
{"model":"tms.testresult", "pk":669, "fields":{"testexec":7, "testcase":69, "testnode":"TEST-1", "result":"pass"}},
{"model":"tms.testresult", "pk":670, "fields":{"testexec":7, "testcase":70, "testnode":"TEST-1", "result":"fail"}},
{"model":"tms.testresult", "pk":671, "fields":{"testexec":7, "testcase":71, "testnode":"TEST-1", "result":" "}},
{"model":"tms.testresult", "pk":672, "fields":{"testexec":7, "testcase":72, "testnode":"TEST-1", "result":" "}},
{"model":"tms.testresult", "pk":673, "fields":{"testexec":7, "testcase":73, "testnode":"TEST-1", "result":"pass"}},
{"model":"tms.testresult", "pk":674, "fields":{"testexec":7, "testcase":74, "testnode":"TEST-1", "result":" "}},
{"model":"tms.testresult", "pk":675, "fields":{"testexec":7, "testcase":75, "testnode":"TEST-1", "result":"fail"}},
{"model":"tms.testresult", "pk":676, "fields":{"testexec":7, "testcase":76, "testnode":"TEST-1", "result":"fail"}},
{"model":"tms.testresult", "pk":677, "fields":{"testexec":7, "testcase":77, "testnode":"TEST-1", "result":"pass"}},
{"model":"tms.testresult", "pk":678, "fields":{"testexec":7, "testcase":78, "testnode":"TEST-1", "result":" "}},
{"model":"tms.testresult", "pk":679, "fields":{"testexec":7, "testcase":79, "testnode":"TEST-1", "result":"fail"}},
{"model":"tms.testresult", "pk":680, "fields":{"testexec":7, "testcase":80, "testnode":"TEST-1", "result":"fail"}},
{"model":"tms.testresult", "pk":681, "fields":{"testexec":7, "testcase":81, "testnode":"TEST-1", "result":"fail"}},
{"model":"tms.testresult", "pk":682, "fields":{"testexec":7, "testcase":82, "testnode":"TEST-1", "result":" "}},
{"model":"tms.testresult", "pk":683, "fields":{"testexec":7, "testcase":83, "testnode":"TEST-1", "result":" "}},
{"model":"tms.testresult", "pk":684, "fields":{"testexec":7, "testcase":84, "testnode":"TEST-1", "result":"pass"}},
{"model":"tms.testresult", "pk":685, "fields":{"testexec":7, "testcase":85, "testnode":"TEST-1", "result":" "}},
{"model":"tms.testresult", "pk":686, "fields":{"testexec":7, "testcase":86, "testnode":"TEST-1", "result":" "}},
{"model":"tms.testresult", "pk":687, "fields":{"testexec":7, "testcase":87, "testnode":"TEST-1", "result":" "}},
{"model":"tms.testresult", "pk":688, "fields":{"testexec":7, "testcase":88, "testnode":"TEST-1", "result":"fail"}},
{"model":"tms.testresult", "pk":689, "fields":{"testexec":7, "testcase":89, "testnode":"TEST-1", "result":"pass"}},
{"model":"tms.testresult", "pk":690, "fields":{"testexec":7, "testcase":90, "testnode":"TEST-1", "result":"pass"}},
{"model":"tms.testresult", "pk":691, "fields":{"testexec":7, "testcase":91, "testnode":"TEST-1", "result":" "}},
{"model":"tms.testresult", "pk":692, "fields":{"testexec":7, "testcase":92, "testnode":"TEST-1", "result":"fail"}},
{"model":"tms.testresult", "pk":693, "fields":{"testexec":7, "testcase":93, "testnode":"TEST-1", "result":"pass"}},
{"model":"tms.testresult", "pk":694, "fields":{"testexec":7, "testcase":94, "testnode":"TEST-1", "result":" "}},
{"model":"tms.testresult", "pk":695, "fields":{"testexec":7, "testcase":95, "testnode":"TEST-1", "result":" "}},
{"model":"tms.testresult", "pk":696, "fields":{"testexec":7, "testcase":96, "testnode":"TEST-1", "result":"pass"}},
{"model":"tms.testresult", "pk":697, "fields":{"testexec":7, "testcase":97, "testnode":"TEST-1", "result":" "}},
{"model":"tms.testresult", "pk":698, "fields":{"testexec":7, "testcase":98, "testnode":"TEST-1", "result":" "}},
{"model":"tms.testresult", "pk":699, "fields":{"testexec":7, "testcase":99, "testnode":"TEST-1", "result":" "}},
{"model":"tms.testresult", "pk":700, "fields":{"testexec":7, "testcase":100, "testnode":"TEST-1", "result":"pass"}},
{"model":"tms.testresult", "pk":701, "fields":{"testexec":8, "testcase":1, "testnode":"TEST-1", "result":" "}},
{"model":"tms.testresult", "pk":702, "fields":{"testexec":8, "testcase":2, "testnode":"TEST-1", "result":"fail"}},
{"model":"tms.testresult", "pk":703, "fields":{"testexec":8, "testcase":3, "testnode":"TEST-1", "result":"fail"}},
{"model":"tms.testresult", "pk":704, "fields":{"testexec":8, "testcase":4, "testnode":"TEST-1", "result":"pass"}},
{"model":"tms.testresult", "pk":705, "fields":{"testexec":8, "testcase":5, "testnode":"TEST-1", "result":"pass"}},
{"model":"tms.testresult", "pk":706, "fields":{"testexec":8, "testcase":6, "testnode":"TEST-1", "result":"fail"}},
{"model":"tms.testresult", "pk":707, "fields":{"testexec":8, "testcase":7, "testnode":"TEST-1", "result":"fail"}},
{"model":"tms.testresult", "pk":708, "fields":{"testexec":8, "testcase":8, "testnode":"TEST-1", "result":"pass"}},
{"model":"tms.testresult", "pk":709, "fields":{"testexec":8, "testcase":9, "testnode":"TEST-1", "result":" "}},
{"model":"tms.testresult", "pk":710, "fields":{"testexec":8, "testcase":10, "testnode":"TEST-1", "result":"fail"}},
{"model":"tms.testresult", "pk":711, "fields":{"testexec":8, "testcase":11, "testnode":"TEST-1", "result":"pass"}},
{"model":"tms.testresult", "pk":712, "fields":{"testexec":8, "testcase":12, "testnode":"TEST-1", "result":" "}},
{"model":"tms.testresult", "pk":713, "fields":{"testexec":8, "testcase":13, "testnode":"TEST-1", "result":" "}},
{"model":"tms.testresult", "pk":714, "fields":{"testexec":8, "testcase":14, "testnode":"TEST-1", "result":" "}},
{"model":"tms.testresult", "pk":715, "fields":{"testexec":8, "testcase":15, "testnode":"TEST-1", "result":"pass"}},
{"model":"tms.testresult", "pk":716, "fields":{"testexec":8, "testcase":16, "testnode":"TEST-1", "result":" "}},
{"model":"tms.testresult", "pk":717, "fields":{"testexec":8, "testcase":17, "testnode":"TEST-1", "result":"fail"}},
{"model":"tms.testresult", "pk":718, "fields":{"testexec":8, "testcase":18, "testnode":"TEST-1", "result":" "}},
{"model":"tms.testresult", "pk":719, "fields":{"testexec":8, "testcase":19, "testnode":"TEST-1", "result":" "}},
{"model":"tms.testresult", "pk":720, "fields":{"testexec":8, "testcase":20, "testnode":"TEST-1", "result":"pass"}},
{"model":"tms.testresult", "pk":721, "fields":{"testexec":8, "testcase":21, "testnode":"TEST-1", "result":"fail"}},
{"model":"tms.testresult", "pk":722, "fields":{"testexec":8, "testcase":22, "testnode":"TEST-1", "result":"fail"}},
{"model":"tms.testresult", "pk":723, "fields":{"testexec":8, "testcase":23, "testnode":"TEST-1", "result":" "}},
{"model":"tms.testresult", "pk":724, "fields":{"testexec":8, "testcase":24, "testnode":"TEST-1", "result":"fail"}},
{"model":"tms.testresult", "pk":725, "fields":{"testexec":8, "testcase":25, "testnode":"TEST-1", "result":" "}},
{"model":"tms.testresult", "pk":726, "fields":{"testexec":8, "testcase":26, "testnode":"TEST-1", "result":"pass"}},
{"model":"tms.testresult", "pk":727, "fields":{"testexec":8, "testcase":27, "testnode":"TEST-1", "result":" "}},
{"model":"tms.testresult", "pk":728, "fields":{"testexec":8, "testcase":28, "testnode":"TEST-1", "result":"fail"}},
{"model":"tms.testresult", "pk":729, "fields":{"testexec":8, "testcase":29, "testnode":"TEST-1", "result":"fail"}},
{"model":"tms.testresult", "pk":730, "fields":{"testexec":8, "testcase":30, "testnode":"TEST-1", "result":" "}},
{"model":"tms.testresult", "pk":731, "fields":{"testexec":8, "testcase":31, "testnode":"TEST-1", "result":"fail"}},
{"model":"tms.testresult", "pk":732, "fields":{"testexec":8, "testcase":32, "testnode":"TEST-1", "result":" "}},
{"model":"tms.testresult", "pk":733, "fields":{"testexec":8, "testcase":33, "testnode":"TEST-1", "result":"pass"}},
{"model":"tms.testresult", "pk":734, "fields":{"testexec":8, "testcase":34, "testnode":"TEST-1", "result":"fail"}},
{"model":"tms.testresult", "pk":735, "fields":{"testexec":8, "testcase":35, "testnode":"TEST-1", "result":"fail"}},
{"model":"tms.testresult", "pk":736, "fields":{"testexec":8, "testcase":36, "testnode":"TEST-1", "result":"fail"}},
{"model":"tms.testresult", "pk":737, "fields":{"testexec":8, "testcase":37, "testnode":"TEST-1", "result":"pass"}},
{"model":"tms.testresult", "pk":738, "fields":{"testexec":8, "testcase":38, "testnode":"TEST-1", "result":"pass"}},
{"model":"tms.testresult", "pk":739, "fields":{"testexec":8, "testcase":39, "testnode":"TEST-1", "result":"fail"}},
{"model":"tms.testresult", "pk":740, "fields":{"testexec":8, "testcase":40, "testnode":"TEST-1", "result":"pass"}},
{"model":"tms.testresult", "pk":741, "fields":{"testexec":8, "testcase":41, "testnode":"TEST-1", "result":"fail"}},
{"model":"tms.testresult", "pk":742, "fields":{"testexec":8, "testcase":42, "testnode":"TEST-1", "result":" "}},
{"model":"tms.testresult", "pk":743, "fields":{"testexec":8, "testcase":43, "testnode":"TEST-1", "result":" "}},
{"model":"tms.testresult", "pk":744, "fields":{"testexec":8, "testcase":44, "testnode":"TEST-1", "result":"fail"}},
{"model":"tms.testresult", "pk":745, "fields":{"testexec":8, "testcase":45, "testnode":"TEST-1", "result":" "}},
{"model":"tms.testresult", "pk":746, "fields":{"testexec":8, "testcase":46, "testnode":"TEST-1", "result":"pass"}},
{"model":"tms.testresult", "pk":747, "fields":{"testexec":8, "testcase":47, "testnode":"TEST-1", "result":"fail"}},
{"model":"tms.testresult", "pk":748, "fields":{"testexec":8, "testcase":48, "testnode":"TEST-1", "result":"pass"}},
{"model":"tms.testresult", "pk":749, "fields":{"testexec":8, "testcase":49, "testnode":"TEST-1", "result":"fail"}},
{"model":"tms.testresult", "pk":750, "fields":{"testexec":8, "testcase":50, "testnode":"TEST-1", "result":" "}},
{"model":"tms.testresult", "pk":751, "fields":{"testexec":8, "testcase":51, "testnode":"TEST-1", "result":"pass"}},
{"model":"tms.testresult", "pk":752, "fields":{"testexec":8, "testcase":52, "testnode":"TEST-1", "result":" "}},
{"model":"tms.testresult", "pk":753, "fields":{"testexec":8, "testcase":53, "testnode":"TEST-1", "result":" "}},
{"model":"tms.testresult", "pk":754, "fields":{"testexec":8, "testcase":54, "testnode":"TEST-1", "result":" "}},
{"model":"tms.testresult", "pk":755, "fields":{"testexec":8, "testcase":55, "testnode":"TEST-1", "result":"fail"}},
{"model":"tms.testresult", "pk":756, "fields":{"testexec":8, "testcase":56, "testnode":"TEST-1", "result":"fail"}},
{"model":"tms.testresult", "pk":757, "fields":{"testexec":8, "testcase":57, "testnode":"TEST-1", "result":"fail"}},
{"model":"tms.testresult", "pk":758, "fields":{"testexec":8, "testcase":58, "testnode":"TEST-1", "result":" "}},
{"model":"tms.testresult", "pk":759, "fields":{"testexec":8, "testcase":59, "testnode":"TEST-1", "result":"fail"}},
{"model":"tms.testresult", "pk":760, "fields":{"testexec":8, "testcase":60, "testnode":"TEST-1", "result":" "}},
{"model":"tms.testresult", "pk":761, "fields":{"testexec":8, "testcase":61, "testnode":"TEST-1", "result":"fail"}},
{"model":"tms.testresult", "pk":762, "fields":{"testexec":8, "testcase":62, "testnode":"TEST-1", "result":"pass"}},
{"model":"tms.testresult", "pk":763, "fields":{"testexec":8, "testcase":63, "testnode":"TEST-1", "result":" "}},
{"model":"tms.testresult", "pk":764, "fields":{"testexec":8, "testcase":64, "testnode":"TEST-1", "result":"fail"}},
{"model":"tms.testresult", "pk":765, "fields":{"testexec":8, "testcase":65, "testnode":"TEST-1", "result":"fail"}},
{"model":"tms.testresult", "pk":766, "fields":{"testexec":8, "testcase":66, "testnode":"TEST-1", "result":"fail"}},
{"model":"tms.testresult", "pk":767, "fields":{"testexec":8, "testcase":67, "testnode":"TEST-1", "result":"pass"}},
{"model":"tms.testresult", "pk":768, "fields":{"testexec":8, "testcase":68, "testnode":"TEST-1", "result":"pass"}},
{"model":"tms.testresult", "pk":769, "fields":{"testexec":8, "testcase":69, "testnode":"TEST-1", "result":"pass"}},
{"model":"tms.testresult", "pk":770, "fields":{"testexec":8, "testcase":70, "testnode":"TEST-1", "result":"pass"}},
{"model":"tms.testresult", "pk":771, "fields":{"testexec":8, "testcase":71, "testnode":"TEST-1", "result":"pass"}},
{"model":"tms.testresult", "pk":772, "fields":{"testexec":8, "testcase":72, "testnode":"TEST-1", "result":"fail"}},
{"model":"tms.testresult", "pk":773, "fields":{"testexec":8, "testcase":73, "testnode":"TEST-1", "result":"fail"}},
{"model":"tms.testresult", "pk":774, "fields":{"testexec":8, "testcase":74, "testnode":"TEST-1", "result":"fail"}},
{"model":"tms.testresult", "pk":775, "fields":{"testexec":8, "testcase":75, "testnode":"TEST-1", "result":"fail"}},
{"model":"tms.testresult", "pk":776, "fields":{"testexec":8, "testcase":76, "testnode":"TEST-1", "result":" "}},
{"model":"tms.testresult", "pk":777, "fields":{"testexec":8, "testcase":77, "testnode":"TEST-1", "result":"fail"}},
{"model":"tms.testresult", "pk":778, "fields":{"testexec":8, "testcase":78, "testnode":"TEST-1", "result":" "}},
{"model":"tms.testresult", "pk":779, "fields":{"testexec":8, "testcase":79, "testnode":"TEST-1", "result":"fail"}},
{"model":"tms.testresult", "pk":780, "fields":{"testexec":8, "testcase":80, "testnode":"TEST-1", "result":" "}},
{"model":"tms.testresult", "pk":781, "fields":{"testexec":8, "testcase":81, "testnode":"TEST-1", "result":"pass"}},
{"model":"tms.testresult", "pk":782, "fields":{"testexec":8, "testcase":82, "testnode":"TEST-1", "result":"fail"}},
{"model":"tms.testresult", "pk":783, "fields":{"testexec":8, "testcase":83, "testnode":"TEST-1", "result":" "}},
{"model":"tms.testresult", "pk":784, "fields":{"testexec":8, "testcase":84, "testnode":"TEST-1", "result":" "}},
{"model":"tms.testresult", "pk":785, "fields":{"testexec":8, "testcase":85, "testnode":"TEST-1", "result":"fail"}},
{"model":"tms.testresult", "pk":786, "fields":{"testexec":8, "testcase":86, "testnode":"TEST-1", "result":" "}},
{"model":"tms.testresult", "pk":787, "fields":{"testexec":8, "testcase":87, "testnode":"TEST-1", "result":"fail"}},
{"model":"tms.testresult", "pk":788, "fields":{"testexec":8, "testcase":88, "testnode":"TEST-1", "result":" "}},
{"model":"tms.testresult", "pk":789, "fields":{"testexec":8, "testcase":89, "testnode":"TEST-1", "result":" "}},
{"model":"tms.testresult", "pk":790, "fields":{"testexec":8, "testcase":90, "testnode":"TEST-1", "result":" "}},
{"model":"tms.testresult", "pk":791, "fields":{"testexec":8, "testcase":91, "testnode":"TEST-1", "result":"fail"}},
{"model":"tms.testresult", "pk":792, "fields":{"testexec":8, "testcase":92, "testnode":"TEST-1", "result":" "}},
{"model":"tms.testresult", "pk":793, "fields":{"testexec":8, "testcase":93, "testnode":"TEST-1", "result":"fail"}},
{"model":"tms.testresult", "pk":794, "fields":{"testexec":8, "testcase":94, "testnode":"TEST-1", "result":" "}},
{"model":"tms.testresult", "pk":795, "fields":{"testexec":8, "testcase":95, "testnode":"TEST-1", "result":"fail"}},
{"model":"tms.testresult", "pk":796, "fields":{"testexec":8, "testcase":96, "testnode":"TEST-1", "result":"fail"}},
{"model":"tms.testresult", "pk":797, "fields":{"testexec":8, "testcase":97, "testnode":"TEST-1", "result":" "}},
{"model":"tms.testresult", "pk":798, "fields":{"testexec":8, "testcase":98, "testnode":"TEST-1", "result":" "}},
{"model":"tms.testresult", "pk":799, "fields":{"testexec":8, "testcase":99, "testnode":"TEST-1", "result":"pass"}},
{"model":"tms.testresult", "pk":800, "fields":{"testexec":8, "testcase":100, "testnode":"TEST-1", "result":"fail"}},
{"model":"tms.testresult", "pk":801, "fields":{"testexec":9, "testcase":1, "testnode":"TEST-1", "result":"fail"}},
{"model":"tms.testresult", "pk":802, "fields":{"testexec":9, "testcase":2, "testnode":"TEST-1", "result":"pass"}},
{"model":"tms.testresult", "pk":803, "fields":{"testexec":9, "testcase":3, "testnode":"TEST-1", "result":"pass"}},
{"model":"tms.testresult", "pk":804, "fields":{"testexec":9, "testcase":4, "testnode":"TEST-1", "result":"pass"}},
{"model":"tms.testresult", "pk":805, "fields":{"testexec":9, "testcase":5, "testnode":"TEST-1", "result":" "}},
{"model":"tms.testresult", "pk":806, "fields":{"testexec":9, "testcase":6, "testnode":"TEST-1", "result":"fail"}},
{"model":"tms.testresult", "pk":807, "fields":{"testexec":9, "testcase":7, "testnode":"TEST-1", "result":" "}},
{"model":"tms.testresult", "pk":808, "fields":{"testexec":9, "testcase":8, "testnode":"TEST-1", "result":"fail"}},
{"model":"tms.testresult", "pk":809, "fields":{"testexec":9, "testcase":9, "testnode":"TEST-1", "result":"fail"}},
{"model":"tms.testresult", "pk":810, "fields":{"testexec":9, "testcase":10, "testnode":"TEST-1", "result":"pass"}},
{"model":"tms.testresult", "pk":811, "fields":{"testexec":9, "testcase":11, "testnode":"TEST-1", "result":"fail"}},
{"model":"tms.testresult", "pk":812, "fields":{"testexec":9, "testcase":12, "testnode":"TEST-1", "result":" "}},
{"model":"tms.testresult", "pk":813, "fields":{"testexec":9, "testcase":13, "testnode":"TEST-1", "result":"pass"}},
{"model":"tms.testresult", "pk":814, "fields":{"testexec":9, "testcase":14, "testnode":"TEST-1", "result":" "}},
{"model":"tms.testresult", "pk":815, "fields":{"testexec":9, "testcase":15, "testnode":"TEST-1", "result":" "}},
{"model":"tms.testresult", "pk":816, "fields":{"testexec":9, "testcase":16, "testnode":"TEST-1", "result":" "}},
{"model":"tms.testresult", "pk":817, "fields":{"testexec":9, "testcase":17, "testnode":"TEST-1", "result":"fail"}},
{"model":"tms.testresult", "pk":818, "fields":{"testexec":9, "testcase":18, "testnode":"TEST-1", "result":"fail"}},
{"model":"tms.testresult", "pk":819, "fields":{"testexec":9, "testcase":19, "testnode":"TEST-1", "result":" "}},
{"model":"tms.testresult", "pk":820, "fields":{"testexec":9, "testcase":20, "testnode":"TEST-1", "result":" "}},
{"model":"tms.testresult", "pk":821, "fields":{"testexec":9, "testcase":21, "testnode":"TEST-1", "result":"fail"}},
{"model":"tms.testresult", "pk":822, "fields":{"testexec":9, "testcase":22, "testnode":"TEST-1", "result":" "}},
{"model":"tms.testresult", "pk":823, "fields":{"testexec":9, "testcase":23, "testnode":"TEST-1", "result":" "}},
{"model":"tms.testresult", "pk":824, "fields":{"testexec":9, "testcase":24, "testnode":"TEST-1", "result":"fail"}},
{"model":"tms.testresult", "pk":825, "fields":{"testexec":9, "testcase":25, "testnode":"TEST-1", "result":"fail"}},
{"model":"tms.testresult", "pk":826, "fields":{"testexec":9, "testcase":26, "testnode":"TEST-1", "result":" "}},
{"model":"tms.testresult", "pk":827, "fields":{"testexec":9, "testcase":27, "testnode":"TEST-1", "result":"pass"}},
{"model":"tms.testresult", "pk":828, "fields":{"testexec":9, "testcase":28, "testnode":"TEST-1", "result":"pass"}},
{"model":"tms.testresult", "pk":829, "fields":{"testexec":9, "testcase":29, "testnode":"TEST-1", "result":" "}},
{"model":"tms.testresult", "pk":830, "fields":{"testexec":9, "testcase":30, "testnode":"TEST-1", "result":" "}},
{"model":"tms.testresult", "pk":831, "fields":{"testexec":9, "testcase":31, "testnode":"TEST-1", "result":"pass"}},
{"model":"tms.testresult", "pk":832, "fields":{"testexec":9, "testcase":32, "testnode":"TEST-1", "result":" "}},
{"model":"tms.testresult", "pk":833, "fields":{"testexec":9, "testcase":33, "testnode":"TEST-1", "result":" "}},
{"model":"tms.testresult", "pk":834, "fields":{"testexec":9, "testcase":34, "testnode":"TEST-1", "result":" "}},
{"model":"tms.testresult", "pk":835, "fields":{"testexec":9, "testcase":35, "testnode":"TEST-1", "result":" "}},
{"model":"tms.testresult", "pk":836, "fields":{"testexec":9, "testcase":36, "testnode":"TEST-1", "result":"fail"}},
{"model":"tms.testresult", "pk":837, "fields":{"testexec":9, "testcase":37, "testnode":"TEST-1", "result":"pass"}},
{"model":"tms.testresult", "pk":838, "fields":{"testexec":9, "testcase":38, "testnode":"TEST-1", "result":"pass"}},
{"model":"tms.testresult", "pk":839, "fields":{"testexec":9, "testcase":39, "testnode":"TEST-1", "result":" "}},
{"model":"tms.testresult", "pk":840, "fields":{"testexec":9, "testcase":40, "testnode":"TEST-1", "result":"fail"}},
{"model":"tms.testresult", "pk":841, "fields":{"testexec":9, "testcase":41, "testnode":"TEST-1", "result":" "}},
{"model":"tms.testresult", "pk":842, "fields":{"testexec":9, "testcase":42, "testnode":"TEST-1", "result":" "}},
{"model":"tms.testresult", "pk":843, "fields":{"testexec":9, "testcase":43, "testnode":"TEST-1", "result":" "}},
{"model":"tms.testresult", "pk":844, "fields":{"testexec":9, "testcase":44, "testnode":"TEST-1", "result":"pass"}},
{"model":"tms.testresult", "pk":845, "fields":{"testexec":9, "testcase":45, "testnode":"TEST-1", "result":" "}},
{"model":"tms.testresult", "pk":846, "fields":{"testexec":9, "testcase":46, "testnode":"TEST-1", "result":"fail"}},
{"model":"tms.testresult", "pk":847, "fields":{"testexec":9, "testcase":47, "testnode":"TEST-1", "result":"fail"}},
{"model":"tms.testresult", "pk":848, "fields":{"testexec":9, "testcase":48, "testnode":"TEST-1", "result":" "}},
{"model":"tms.testresult", "pk":849, "fields":{"testexec":9, "testcase":49, "testnode":"TEST-1", "result":"pass"}},
{"model":"tms.testresult", "pk":850, "fields":{"testexec":9, "testcase":50, "testnode":"TEST-1", "result":"pass"}},
{"model":"tms.testresult", "pk":851, "fields":{"testexec":9, "testcase":51, "testnode":"TEST-1", "result":"pass"}},
{"model":"tms.testresult", "pk":852, "fields":{"testexec":9, "testcase":52, "testnode":"TEST-1", "result":" "}},
{"model":"tms.testresult", "pk":853, "fields":{"testexec":9, "testcase":53, "testnode":"TEST-1", "result":"pass"}},
{"model":"tms.testresult", "pk":854, "fields":{"testexec":9, "testcase":54, "testnode":"TEST-1", "result":"fail"}},
{"model":"tms.testresult", "pk":855, "fields":{"testexec":9, "testcase":55, "testnode":"TEST-1", "result":"pass"}},
{"model":"tms.testresult", "pk":856, "fields":{"testexec":9, "testcase":56, "testnode":"TEST-1", "result":" "}},
{"model":"tms.testresult", "pk":857, "fields":{"testexec":9, "testcase":57, "testnode":"TEST-1", "result":"fail"}},
{"model":"tms.testresult", "pk":858, "fields":{"testexec":9, "testcase":58, "testnode":"TEST-1", "result":" "}},
{"model":"tms.testresult", "pk":859, "fields":{"testexec":9, "testcase":59, "testnode":"TEST-1", "result":"fail"}},
{"model":"tms.testresult", "pk":860, "fields":{"testexec":9, "testcase":60, "testnode":"TEST-1", "result":"pass"}},
{"model":"tms.testresult", "pk":861, "fields":{"testexec":9, "testcase":61, "testnode":"TEST-1", "result":"fail"}},
{"model":"tms.testresult", "pk":862, "fields":{"testexec":9, "testcase":62, "testnode":"TEST-1", "result":"pass"}},
{"model":"tms.testresult", "pk":863, "fields":{"testexec":9, "testcase":63, "testnode":"TEST-1", "result":"fail"}},
{"model":"tms.testresult", "pk":864, "fields":{"testexec":9, "testcase":64, "testnode":"TEST-1", "result":"fail"}},
{"model":"tms.testresult", "pk":865, "fields":{"testexec":9, "testcase":65, "testnode":"TEST-1", "result":"fail"}},
{"model":"tms.testresult", "pk":866, "fields":{"testexec":9, "testcase":66, "testnode":"TEST-1", "result":"fail"}},
{"model":"tms.testresult", "pk":867, "fields":{"testexec":9, "testcase":67, "testnode":"TEST-1", "result":" "}},
{"model":"tms.testresult", "pk":868, "fields":{"testexec":9, "testcase":68, "testnode":"TEST-1", "result":"pass"}},
{"model":"tms.testresult", "pk":869, "fields":{"testexec":9, "testcase":69, "testnode":"TEST-1", "result":"pass"}},
{"model":"tms.testresult", "pk":870, "fields":{"testexec":9, "testcase":70, "testnode":"TEST-1", "result":"pass"}},
{"model":"tms.testresult", "pk":871, "fields":{"testexec":9, "testcase":71, "testnode":"TEST-1", "result":"pass"}},
{"model":"tms.testresult", "pk":872, "fields":{"testexec":9, "testcase":72, "testnode":"TEST-1", "result":" "}},
{"model":"tms.testresult", "pk":873, "fields":{"testexec":9, "testcase":73, "testnode":"TEST-1", "result":" "}},
{"model":"tms.testresult", "pk":874, "fields":{"testexec":9, "testcase":74, "testnode":"TEST-1", "result":" "}},
{"model":"tms.testresult", "pk":875, "fields":{"testexec":9, "testcase":75, "testnode":"TEST-1", "result":" "}},
{"model":"tms.testresult", "pk":876, "fields":{"testexec":9, "testcase":76, "testnode":"TEST-1", "result":"fail"}},
{"model":"tms.testresult", "pk":877, "fields":{"testexec":9, "testcase":77, "testnode":"TEST-1", "result":"fail"}},
{"model":"tms.testresult", "pk":878, "fields":{"testexec":9, "testcase":78, "testnode":"TEST-1", "result":"pass"}},
{"model":"tms.testresult", "pk":879, "fields":{"testexec":9, "testcase":79, "testnode":"TEST-1", "result":"pass"}},
{"model":"tms.testresult", "pk":880, "fields":{"testexec":9, "testcase":80, "testnode":"TEST-1", "result":"fail"}},
{"model":"tms.testresult", "pk":881, "fields":{"testexec":9, "testcase":81, "testnode":"TEST-1", "result":"fail"}},
{"model":"tms.testresult", "pk":882, "fields":{"testexec":9, "testcase":82, "testnode":"TEST-1", "result":"pass"}},
{"model":"tms.testresult", "pk":883, "fields":{"testexec":9, "testcase":83, "testnode":"TEST-1", "result":"pass"}},
{"model":"tms.testresult", "pk":884, "fields":{"testexec":9, "testcase":84, "testnode":"TEST-1", "result":"fail"}},
{"model":"tms.testresult", "pk":885, "fields":{"testexec":9, "testcase":85, "testnode":"TEST-1", "result":"fail"}},
{"model":"tms.testresult", "pk":886, "fields":{"testexec":9, "testcase":86, "testnode":"TEST-1", "result":"fail"}},
{"model":"tms.testresult", "pk":887, "fields":{"testexec":9, "testcase":87, "testnode":"TEST-1", "result":"fail"}},
{"model":"tms.testresult", "pk":888, "fields":{"testexec":9, "testcase":88, "testnode":"TEST-1", "result":"pass"}},
{"model":"tms.testresult", "pk":889, "fields":{"testexec":9, "testcase":89, "testnode":"TEST-1", "result":" "}},
{"model":"tms.testresult", "pk":890, "fields":{"testexec":9, "testcase":90, "testnode":"TEST-1", "result":" "}},
{"model":"tms.testresult", "pk":891, "fields":{"testexec":9, "testcase":91, "testnode":"TEST-1", "result":"pass"}},
{"model":"tms.testresult", "pk":892, "fields":{"testexec":9, "testcase":92, "testnode":"TEST-1", "result":"pass"}},
{"model":"tms.testresult", "pk":893, "fields":{"testexec":9, "testcase":93, "testnode":"TEST-1", "result":"pass"}},
{"model":"tms.testresult", "pk":894, "fields":{"testexec":9, "testcase":94, "testnode":"TEST-1", "result":"fail"}},
{"model":"tms.testresult", "pk":895, "fields":{"testexec":9, "testcase":95, "testnode":"TEST-1", "result":"pass"}},
{"model":"tms.testresult", "pk":896, "fields":{"testexec":9, "testcase":96, "testnode":"TEST-1", "result":"fail"}},
{"model":"tms.testresult", "pk":897, "fields":{"testexec":9, "testcase":97, "testnode":"TEST-1", "result":"fail"}},
{"model":"tms.testresult", "pk":898, "fields":{"testexec":9, "testcase":98, "testnode":"TEST-1", "result":"pass"}},
{"model":"tms.testresult", "pk":899, "fields":{"testexec":9, "testcase":99, "testnode":"TEST-1", "result":" "}},
{"model":"tms.testresult", "pk":900, "fields":{"testexec":9, "testcase":100, "testnode":"TEST-1", "result":" "}}
]